,time_stats.all_reduce.min,time_stats.all_reduce.max,time_stats.all_reduce.mean,time_stats.all_reduce.median,time_stats.all_reduce.std,rank,num_workers,size,collective,devices_per_node,max_devices_per_node
0,0.016,0.04,0.030333333333333334,0.035,0.010338708279513883,0,8,2048,all_reduce,8,8
1,0.033,0.038,0.035333333333333335,0.035,0.0020548046676563242,0,8,10240,all_reduce,8,8
2,0.017,0.04,0.02466666666666667,0.017,0.010842303978193728,0,8,18432,all_reduce,8,8
3,0.019,0.02,0.01933333333333333,0.019,0.00047140452079103207,0,8,26624,all_reduce,8,8
4,0.032,0.039,0.03466666666666667,0.033,0.0030912061651652343,0,8,34816,all_reduce,8,8
5,0.02,0.037,0.030333333333333337,0.034,0.007408703590297622,0,8,43008,all_reduce,8,8
6,0.022,0.035,0.030333333333333334,0.034,0.005906681715556452,0,8,51200,all_reduce,8,8
7,0.024,0.036000000000000004,0.028,0.024,0.005656854249492382,0,8,59392,all_reduce,8,8
8,0.034,0.036000000000000004,0.035,0.035,0.0008164965809277268,0,8,67584,all_reduce,8,8
9,0.036000000000000004,0.038,0.037000000000000005,0.037,0.0008164965809277239,0,8,75776,all_reduce,8,8
10,0.037,0.105,0.059666666666666666,0.037,0.03205550741379016,0,8,83968,all_reduce,8,8
11,0.034,0.04,0.037,0.037,0.0024494897427831774,0,8,92160,all_reduce,8,8
12,0.019,0.043000000000000003,0.03266666666666667,0.036000000000000004,0.010077477638553985,0,8,100352,all_reduce,8,8
13,0.036000000000000004,0.038,0.036666666666666674,0.036000000000000004,0.0009428090415820609,0,8,108544,all_reduce,8,8
14,0.02,0.035,0.029333333333333336,0.033,0.006649979114420002,0,8,116736,all_reduce,8,8
15,0.035,0.042,0.037666666666666675,0.036000000000000004,0.0030912061651652343,0,8,124928,all_reduce,8,8
16,0.034,0.044,0.03866666666666666,0.038,0.004109609335312649,0,8,133120,all_reduce,8,8
17,0.037,0.039,0.03833333333333333,0.039,0.0009428090415820641,0,8,141312,all_reduce,8,8
18,0.02,0.038,0.03133333333333333,0.036000000000000004,0.008055363982396382,0,8,149504,all_reduce,8,8
19,0.036000000000000004,0.04,0.03766666666666667,0.037,0.0016996731711975941,0,8,157696,all_reduce,8,8
20,0.034,0.038,0.036000000000000004,0.036000000000000004,0.0016329931618554508,0,8,165888,all_reduce,8,8
21,0.033,0.036000000000000004,0.03466666666666667,0.035,0.0012472191289246482,0,8,174080,all_reduce,8,8
22,0.036000000000000004,0.063,0.04566666666666667,0.038,0.012283683848458852,0,8,182272,all_reduce,8,8
23,0.035,0.04,0.037000000000000005,0.036000000000000004,0.0021602468994692853,0,8,190464,all_reduce,8,8
24,0.037,0.063,0.046000000000000006,0.038,0.012027745701779145,0,8,198656,all_reduce,8,8
25,0.034,0.04,0.036666666666666674,0.036000000000000004,0.0024944382578492934,0,8,206848,all_reduce,8,8
26,0.036000000000000004,0.039,0.037333333333333336,0.037,0.0012472191289246456,0,8,215040,all_reduce,8,8
27,0.035,0.036000000000000004,0.03566666666666667,0.036000000000000004,0.00047140452079103207,0,8,223232,all_reduce,8,8
28,0.034,0.036000000000000004,0.035,0.035,0.0008164965809277268,0,8,231424,all_reduce,8,8
29,0.034,0.035,0.034333333333333334,0.034,0.00047140452079103207,0,8,239616,all_reduce,8,8
30,0.038,0.039,0.03866666666666666,0.039,0.00047140452079103207,0,8,247808,all_reduce,8,8
31,0.033,0.034,0.03366666666666667,0.034,0.00047140452079103207,0,8,256000,all_reduce,8,8
32,0.039,0.08,0.06633333333333334,0.08,0.0193275853524323,0,8,264192,all_reduce,8,8
33,0.036000000000000004,0.04,0.037333333333333336,0.036000000000000004,0.001885618083164125,0,8,272384,all_reduce,8,8
34,0.035,0.045,0.03933333333333333,0.038,0.004189935029992176,0,8,280576,all_reduce,8,8
35,0.034,0.039,0.036000000000000004,0.035,0.0021602468994692853,0,8,288768,all_reduce,8,8
36,0.035,0.044,0.038,0.035,0.004242640687119282,0,8,296960,all_reduce,8,8
37,0.034,0.041,0.037333333333333336,0.037,0.0028674417556808756,0,8,305152,all_reduce,8,8
38,0.035,0.04,0.03766666666666667,0.038,0.0020548046676563242,0,8,313344,all_reduce,8,8
39,0.035,0.045,0.03933333333333333,0.038,0.004189935029992176,0,8,321536,all_reduce,8,8
40,0.037,0.039,0.03766666666666666,0.037,0.0009428090415820641,0,8,329728,all_reduce,8,8
41,0.037,0.046,0.04,0.037,0.004242640687119286,0,8,337920,all_reduce,8,8
42,0.037,0.042,0.03933333333333333,0.039,0.0020548046676563273,0,8,346112,all_reduce,8,8
43,0.034,0.042,0.037333333333333336,0.036000000000000004,0.0033993463423951896,0,8,354304,all_reduce,8,8
44,0.038,0.04,0.03933333333333333,0.04,0.0009428090415820641,0,8,362496,all_reduce,8,8
45,0.039,0.041,0.04,0.04,0.0008164965809277268,0,8,370688,all_reduce,8,8
46,0.02,0.04,0.032,0.036000000000000004,0.008640987597877148,0,8,378880,all_reduce,8,8
47,0.035,0.038,0.036666666666666674,0.037,0.0012472191289246452,0,8,387072,all_reduce,8,8
48,0.034,0.073,0.04933333333333334,0.041,0.01697710877099579,0,8,395264,all_reduce,8,8
49,0.034,0.043000000000000003,0.03866666666666667,0.039,0.0036817870057290875,0,8,403456,all_reduce,8,8
50,0.02,0.044,0.035333333333333335,0.042,0.010873004286866727,0,8,411648,all_reduce,8,8
51,0.038,0.04,0.039,0.039,0.0008164965809277268,0,8,419840,all_reduce,8,8
52,0.036000000000000004,0.039,0.037000000000000005,0.036000000000000004,0.001414213562373093,0,8,428032,all_reduce,8,8
53,0.02,0.044,0.028,0.02,0.011313708498984758,0,8,436224,all_reduce,8,8
54,0.035,0.04,0.038000000000000006,0.039,0.0021602468994692853,0,8,444416,all_reduce,8,8
55,0.036000000000000004,0.048,0.04133333333333333,0.04,0.004988876515698588,0,8,452608,all_reduce,8,8
56,0.037,0.039,0.038,0.038,0.0008164965809277268,0,8,460800,all_reduce,8,8
57,0.037,0.048,0.04133333333333333,0.039,0.004784233364802442,0,8,468992,all_reduce,8,8
58,0.02,0.033,0.024333333333333335,0.02,0.006128258770283413,0,8,477184,all_reduce,8,8
59,0.037,0.041,0.03866666666666666,0.038,0.0016996731711975965,0,8,485376,all_reduce,8,8
60,0.036000000000000004,0.039,0.037333333333333336,0.037,0.0012472191289246456,0,8,493568,all_reduce,8,8
61,0.029,0.029,0.029,0.029,0.0,0,8,501760,all_reduce,8,8
62,0.028,0.029,0.02866666666666667,0.029,0.00047140452079103207,0,8,509952,all_reduce,8,8
63,0.029,0.03,0.029333333333333333,0.029,0.0004714045207910305,0,8,518144,all_reduce,8,8
64,0.027,0.028,0.027333333333333334,0.027,0.00047140452079103207,0,8,526336,all_reduce,8,8
65,0.026000000000000002,0.027,0.02666666666666667,0.027,0.00047140452079103045,0,8,534528,all_reduce,8,8
66,0.027,0.028,0.02766666666666667,0.028,0.00047140452079103207,0,8,542720,all_reduce,8,8
67,0.026000000000000002,0.028,0.027333333333333334,0.028,0.0009428090415820625,0,8,550912,all_reduce,8,8
68,0.027,0.028,0.027333333333333334,0.027,0.00047140452079103207,0,8,559104,all_reduce,8,8
69,0.028,0.029,0.02866666666666667,0.029,0.00047140452079103207,0,8,567296,all_reduce,8,8
70,0.028,0.029,0.028333333333333335,0.028,0.00047140452079103207,0,8,575488,all_reduce,8,8
71,0.029,0.029,0.029,0.029,0.0,0,8,583680,all_reduce,8,8
72,0.027,0.031,0.028666666666666663,0.028,0.0016996731711975948,0,8,591872,all_reduce,8,8
73,0.028,0.03,0.028999999999999998,0.029,0.0008164965809277254,0,8,600064,all_reduce,8,8
74,0.027,0.029,0.028,0.028,0.0008164965809277268,0,8,608256,all_reduce,8,8
75,0.027,0.028,0.02766666666666667,0.028,0.00047140452079103207,0,8,616448,all_reduce,8,8
76,0.027,0.027,0.027,0.027,0.0,0,8,624640,all_reduce,8,8
77,0.028,0.028,0.028,0.028,0.0,0,8,632832,all_reduce,8,8
78,0.028,0.03,0.028999999999999998,0.029,0.0008164965809277254,0,8,641024,all_reduce,8,8
79,0.028,0.028,0.028,0.028,0.0,0,8,649216,all_reduce,8,8
80,0.028,0.029,0.028333333333333335,0.028,0.00047140452079103207,0,8,657408,all_reduce,8,8
81,0.028,0.029,0.028333333333333335,0.028,0.00047140452079103207,0,8,665600,all_reduce,8,8
82,0.029,0.029,0.029,0.029,0.0,0,8,673792,all_reduce,8,8
83,0.027,0.029,0.028,0.028,0.0008164965809277268,0,8,681984,all_reduce,8,8
84,0.028,0.029,0.028333333333333335,0.028,0.00047140452079103207,0,8,690176,all_reduce,8,8
85,0.028,0.029,0.02866666666666667,0.029,0.00047140452079103207,0,8,698368,all_reduce,8,8
86,0.029,0.029,0.029,0.029,0.0,0,8,706560,all_reduce,8,8
87,0.028,0.029,0.028333333333333335,0.028,0.00047140452079103207,0,8,714752,all_reduce,8,8
88,0.028,0.028,0.028,0.028,0.0,0,8,722944,all_reduce,8,8
89,0.028,0.029,0.028333333333333335,0.028,0.00047140452079103207,0,8,731136,all_reduce,8,8
90,0.027,0.028,0.027333333333333334,0.027,0.00047140452079103207,0,8,739328,all_reduce,8,8
91,0.028,0.03,0.028999999999999998,0.029,0.0008164965809277254,0,8,747520,all_reduce,8,8
92,0.029,0.034,0.030666666666666665,0.029,0.002357022603955159,0,8,755712,all_reduce,8,8
93,0.029,0.031,0.029666666666666664,0.029,0.0009428090415820626,0,8,763904,all_reduce,8,8
94,0.029,0.03,0.029333333333333333,0.029,0.0004714045207910305,0,8,772096,all_reduce,8,8
95,0.029,0.029,0.029,0.029,0.0,0,8,780288,all_reduce,8,8
96,0.028,0.03,0.028666666666666663,0.028,0.0009428090415820626,0,8,788480,all_reduce,8,8
97,0.03,0.031,0.030333333333333334,0.03,0.00047140452079103207,0,8,796672,all_reduce,8,8
98,0.028,0.031,0.029666666666666664,0.03,0.0012472191289246467,0,8,804864,all_reduce,8,8
99,0.029,0.03,0.029333333333333333,0.029,0.00047140452079103045,0,8,813056,all_reduce,8,8
100,0.029,0.03,0.029666666666666664,0.03,0.00047140452079103045,0,8,821248,all_reduce,8,8
101,0.029,0.03,0.029333333333333333,0.029,0.0004714045207910305,0,8,829440,all_reduce,8,8
102,0.029,0.03,0.029666666666666664,0.03,0.00047140452079103045,0,8,837632,all_reduce,8,8
103,0.029,0.03,0.029666666666666664,0.03,0.00047140452079103045,0,8,845824,all_reduce,8,8
104,0.029,0.03,0.029333333333333333,0.029,0.0004714045207910305,0,8,854016,all_reduce,8,8
105,0.029,0.03,0.029666666666666664,0.03,0.00047140452079103045,0,8,862208,all_reduce,8,8
106,0.029,0.03,0.029666666666666664,0.03,0.00047140452079103045,0,8,870400,all_reduce,8,8
107,0.029,0.03,0.029333333333333333,0.029,0.0004714045207910305,0,8,878592,all_reduce,8,8
108,0.03,0.031,0.030666666666666665,0.031,0.00047140452079103207,0,8,886784,all_reduce,8,8
109,0.029,0.03,0.029333333333333333,0.029,0.00047140452079103045,0,8,894976,all_reduce,8,8
110,0.029,0.035,0.03266666666666667,0.034,0.002624669291337271,0,8,903168,all_reduce,8,8
111,0.03,0.03,0.03,0.03,0.0,0,8,911360,all_reduce,8,8
112,0.03,0.032,0.031,0.031,0.0008164965809277268,0,8,919552,all_reduce,8,8
113,0.03,0.031,0.030333333333333334,0.03,0.00047140452079103207,0,8,927744,all_reduce,8,8
114,0.03,0.031,0.030333333333333334,0.03,0.00047140452079103207,0,8,935936,all_reduce,8,8
115,0.03,0.032,0.031,0.031,0.0008164965809277268,0,8,944128,all_reduce,8,8
116,0.031,0.031,0.031,0.031,0.0,0,8,952320,all_reduce,8,8
117,0.031,0.031,0.031,0.031,0.0,0,8,960512,all_reduce,8,8
118,0.03,0.031,0.030666666666666665,0.031,0.00047140452079103207,0,8,968704,all_reduce,8,8
119,0.031,0.032,0.03133333333333333,0.031,0.00047140452079103207,0,8,976896,all_reduce,8,8
120,0.031,0.032,0.03166666666666667,0.032,0.00047140452079103207,0,8,985088,all_reduce,8,8
121,0.035,0.037,0.036000000000000004,0.036000000000000004,0.0008164965809277239,0,8,993280,all_reduce,8,8
122,0.032,0.036000000000000004,0.03333333333333333,0.032,0.0018856180831641283,0,8,1001472,all_reduce,8,8
123,0.032,0.035,0.033,0.032,0.0014142135623730963,0,8,1009664,all_reduce,8,8
124,0.03,0.032,0.03133333333333333,0.032,0.0009428090415820641,0,8,1017856,all_reduce,8,8
125,0.031,0.032,0.03133333333333333,0.031,0.00047140452079103207,0,8,1026048,all_reduce,8,8
126,0.031,0.031,0.031,0.031,0.0,0,8,1034240,all_reduce,8,8
127,0.031,0.032,0.03166666666666667,0.032,0.00047140452079103207,0,8,1042432,all_reduce,8,8
128,0.032,0.032,0.032,0.032,0.0,0,8,1048576,all_reduce,8,8
129,0.029,0.03,0.029666666666666664,0.03,0.00047140452079103045,0,8,1081344,all_reduce,8,8
130,0.032,0.034,0.03266666666666667,0.032,0.0009428090415820641,0,8,1114112,all_reduce,8,8
131,0.029,0.031,0.03,0.03,0.0008164965809277254,0,8,1146880,all_reduce,8,8
132,0.031,0.032,0.03133333333333333,0.031,0.00047140452079103207,0,8,1179648,all_reduce,8,8
133,0.031,0.031,0.031,0.031,0.0,0,8,1212416,all_reduce,8,8
134,0.032,0.036000000000000004,0.03366666666666667,0.033,0.0016996731711975963,0,8,1245184,all_reduce,8,8
135,0.032,0.032,0.032,0.032,0.0,0,8,1277952,all_reduce,8,8
136,0.032,0.033,0.03266666666666667,0.033,0.00047140452079103207,0,8,1310720,all_reduce,8,8
137,0.033,0.033,0.033,0.033,0.0,0,8,1343488,all_reduce,8,8
138,0.032,0.033,0.03233333333333333,0.032,0.00047140452079103207,0,8,1376256,all_reduce,8,8
139,0.034,0.034,0.034,0.034,0.0,0,8,1409024,all_reduce,8,8
140,0.034,0.035,0.034333333333333334,0.034,0.00047140452079103207,0,8,1441792,all_reduce,8,8
141,0.034,0.035,0.03466666666666667,0.035,0.00047140452079103207,0,8,1474560,all_reduce,8,8
142,0.037,0.037,0.037,0.037,0.0,0,8,1507328,all_reduce,8,8
143,0.035,0.035,0.035,0.035,0.0,0,8,1540096,all_reduce,8,8
144,0.035,0.036000000000000004,0.035333333333333335,0.035,0.00047140452079103207,0,8,1572864,all_reduce,8,8
145,0.033,0.034,0.03366666666666667,0.034,0.00047140452079103207,0,8,1605632,all_reduce,8,8
146,0.034,0.035,0.034333333333333334,0.034,0.00047140452079103207,0,8,1638400,all_reduce,8,8
147,0.034,0.034,0.034,0.034,0.0,0,8,1671168,all_reduce,8,8
148,0.034,0.037,0.035,0.034,0.001414213562373093,0,8,1703936,all_reduce,8,8
149,0.035,0.035,0.035,0.035,0.0,0,8,1736704,all_reduce,8,8
150,0.035,0.041,0.037666666666666675,0.037,0.0024944382578492943,0,8,1769472,all_reduce,8,8
151,0.036000000000000004,0.036000000000000004,0.036000000000000004,0.036000000000000004,0.0,0,8,1802240,all_reduce,8,8
152,0.035,0.036000000000000004,0.035333333333333335,0.035,0.00047140452079103207,0,8,1835008,all_reduce,8,8
153,0.036000000000000004,0.037,0.036333333333333336,0.036000000000000004,0.0004714045207910288,0,8,1867776,all_reduce,8,8
154,0.036000000000000004,0.037,0.036666666666666674,0.037,0.0004714045207910288,0,8,1900544,all_reduce,8,8
155,0.037,0.038,0.03733333333333333,0.037,0.00047140452079103207,0,8,1933312,all_reduce,8,8
156,0.037,0.038,0.03733333333333333,0.037,0.00047140452079103207,0,8,1966080,all_reduce,8,8
157,0.037,0.038,0.03766666666666666,0.038,0.00047140452079103207,0,8,1998848,all_reduce,8,8
158,0.038,0.038,0.038,0.038,0.0,0,8,2031616,all_reduce,8,8
159,0.038,0.038,0.038,0.038,0.0,0,8,2064384,all_reduce,8,8
160,0.038,0.04,0.039,0.039,0.0008164965809277268,0,8,2097152,all_reduce,8,8
161,0.04,0.042,0.04066666666666666,0.04,0.0009428090415820641,0,8,2129920,all_reduce,8,8
162,0.041,0.041,0.041,0.041,0.0,0,8,2162688,all_reduce,8,8
163,0.042,0.042,0.042,0.042,0.0,0,8,2195456,all_reduce,8,8
164,0.042,0.042,0.042,0.042,0.0,0,8,2228224,all_reduce,8,8
165,0.042,0.042,0.042,0.042,0.0,0,8,2260992,all_reduce,8,8
166,0.042,0.043000000000000003,0.042666666666666665,0.043000000000000003,0.00047140452079103207,0,8,2293760,all_reduce,8,8
167,0.042,0.043000000000000003,0.042333333333333334,0.042,0.00047140452079103207,0,8,2326528,all_reduce,8,8
168,0.042,0.044,0.043000000000000003,0.043000000000000003,0.0008164965809277239,0,8,2359296,all_reduce,8,8
169,0.043000000000000003,0.044,0.043333333333333335,0.043000000000000003,0.0004714045207910288,0,8,2392064,all_reduce,8,8
170,0.043000000000000003,0.044,0.043666666666666666,0.044,0.0004714045207910288,0,8,2424832,all_reduce,8,8
171,0.043000000000000003,0.045,0.044333333333333336,0.045,0.000942809041582061,0,8,2457600,all_reduce,8,8
172,0.044,0.045,0.044333333333333336,0.044,0.00047140452079103207,0,8,2490368,all_reduce,8,8
173,0.044,0.044,0.044000000000000004,0.044,6.938893903907228e-18,0,8,2523136,all_reduce,8,8
174,0.044,0.045,0.044333333333333336,0.044,0.00047140452079103207,0,8,2555904,all_reduce,8,8
175,0.045,0.045,0.045000000000000005,0.045,6.938893903907228e-18,0,8,2588672,all_reduce,8,8
176,0.045,0.046,0.04533333333333334,0.045,0.00047140452079103207,0,8,2621440,all_reduce,8,8
177,0.044,0.044,0.044000000000000004,0.044,6.938893903907228e-18,0,8,2654208,all_reduce,8,8
178,0.044,0.045,0.044333333333333336,0.044,0.00047140452079103207,0,8,2686976,all_reduce,8,8
179,0.044,0.045,0.04466666666666667,0.045,0.00047140452079103207,0,8,2719744,all_reduce,8,8
180,0.044,0.045,0.04466666666666667,0.045,0.00047140452079103207,0,8,2752512,all_reduce,8,8
181,0.044,0.045,0.044333333333333336,0.044,0.00047140452079103207,0,8,2785280,all_reduce,8,8
182,0.044,0.045,0.04466666666666667,0.045,0.00047140452079103207,0,8,2818048,all_reduce,8,8
183,0.043000000000000003,0.046,0.04466666666666667,0.045,0.0012472191289246452,0,8,2850816,all_reduce,8,8
184,0.044,0.046,0.045000000000000005,0.045,0.0008164965809277268,0,8,2883584,all_reduce,8,8
185,0.044,0.046,0.045000000000000005,0.045,0.0008164965809277268,0,8,2916352,all_reduce,8,8
186,0.045,0.045,0.045000000000000005,0.045,6.938893903907228e-18,0,8,2949120,all_reduce,8,8
187,0.044,0.046,0.045000000000000005,0.045,0.0008164965809277268,0,8,2981888,all_reduce,8,8
188,0.045,0.045,0.045000000000000005,0.045,6.938893903907228e-18,0,8,3014656,all_reduce,8,8
189,0.045,0.046,0.04566666666666667,0.046,0.00047140452079103207,0,8,3047424,all_reduce,8,8
190,0.045,0.046,0.04533333333333334,0.045,0.00047140452079103207,0,8,3080192,all_reduce,8,8
191,0.045,0.047,0.046000000000000006,0.046,0.0008164965809277268,0,8,3112960,all_reduce,8,8
192,0.045,0.046,0.04533333333333334,0.045,0.00047140452079103207,0,8,3145728,all_reduce,8,8
193,0.045,0.047,0.046000000000000006,0.046,0.0008164965809277268,0,8,3178496,all_reduce,8,8
194,0.045,0.046,0.04566666666666667,0.046,0.00047140452079103207,0,8,3211264,all_reduce,8,8
195,0.045,0.046,0.04566666666666667,0.046,0.00047140452079103207,0,8,3244032,all_reduce,8,8
196,0.045,0.045,0.045000000000000005,0.045,6.938893903907228e-18,0,8,3276800,all_reduce,8,8
197,0.046,0.046,0.046000000000000006,0.046,6.938893903907228e-18,0,8,3309568,all_reduce,8,8
198,0.045,0.047,0.046000000000000006,0.046,0.0008164965809277268,0,8,3342336,all_reduce,8,8
199,0.045,0.046,0.04566666666666667,0.046,0.00047140452079103207,0,8,3375104,all_reduce,8,8
200,0.046,0.046,0.046000000000000006,0.046,6.938893903907228e-18,0,8,3407872,all_reduce,8,8
201,0.046,0.046,0.046000000000000006,0.046,6.938893903907228e-18,0,8,3440640,all_reduce,8,8
202,0.046,0.047,0.04633333333333334,0.046,0.00047140452079103207,0,8,3473408,all_reduce,8,8
203,0.046,0.047,0.04666666666666667,0.047,0.00047140452079103207,0,8,3506176,all_reduce,8,8
204,0.047,0.047,0.04700000000000001,0.047,6.938893903907228e-18,0,8,3538944,all_reduce,8,8
205,0.047,0.048,0.04733333333333334,0.047,0.00047140452079103207,0,8,3571712,all_reduce,8,8
206,0.047,0.048,0.04733333333333334,0.047,0.00047140452079103207,0,8,3604480,all_reduce,8,8
207,0.047,0.048,0.04733333333333334,0.047,0.00047140452079103207,0,8,3637248,all_reduce,8,8
208,0.048,0.048,0.04800000000000001,0.048,6.938893903907228e-18,0,8,3670016,all_reduce,8,8
209,0.047,0.048,0.04766666666666667,0.048,0.00047140452079103207,0,8,3702784,all_reduce,8,8
210,0.048,0.048,0.04800000000000001,0.048,6.938893903907228e-18,0,8,3735552,all_reduce,8,8
211,0.047,0.048,0.04766666666666667,0.048,0.00047140452079103207,0,8,3768320,all_reduce,8,8
212,0.048,0.049,0.04833333333333334,0.048,0.00047140452079103207,0,8,3801088,all_reduce,8,8
213,0.048,0.049,0.04833333333333334,0.048,0.00047140452079103207,0,8,3833856,all_reduce,8,8
214,0.048,0.049,0.04866666666666667,0.049,0.00047140452079103207,0,8,3866624,all_reduce,8,8
215,0.049,0.049,0.04900000000000001,0.049,6.938893903907228e-18,0,8,3899392,all_reduce,8,8
216,0.049,0.049,0.04900000000000001,0.049,6.938893903907228e-18,0,8,3932160,all_reduce,8,8
217,0.049,0.05,0.04966666666666667,0.05,0.00047140452079103207,0,8,3964928,all_reduce,8,8
218,0.049,0.051000000000000004,0.05000000000000001,0.05,0.0008164965809277268,0,8,3997696,all_reduce,8,8
219,0.05,0.051000000000000004,0.05033333333333334,0.05,0.00047140452079103207,0,8,4030464,all_reduce,8,8
220,0.05,0.05,0.05000000000000001,0.05,6.938893903907228e-18,0,8,4063232,all_reduce,8,8
221,0.05,0.051000000000000004,0.05066666666666667,0.051000000000000004,0.00047140452079103207,0,8,4096000,all_reduce,8,8
222,0.05,0.051000000000000004,0.05066666666666667,0.051000000000000004,0.00047140452079103207,0,8,4128768,all_reduce,8,8
223,0.051000000000000004,0.052000000000000005,0.05133333333333334,0.051000000000000004,0.00047140452079103207,0,8,4161536,all_reduce,8,8
224,0.051000000000000004,0.051000000000000004,0.05100000000000001,0.051000000000000004,6.938893903907228e-18,0,8,4194304,all_reduce,8,8
225,0.053,0.054,0.05366666666666667,0.054,0.00047140452079103207,0,8,4227072,all_reduce,8,8
226,0.054,0.054,0.054,0.054,0.0,0,8,4259840,all_reduce,8,8
227,0.054,0.054,0.054,0.054,0.0,0,8,4292608,all_reduce,8,8
228,0.054,0.055,0.05466666666666667,0.055,0.00047140452079103207,0,8,4325376,all_reduce,8,8
229,0.054,0.055,0.05466666666666667,0.055,0.00047140452079103207,0,8,4358144,all_reduce,8,8
230,0.055,0.055,0.055,0.055,0.0,0,8,4390912,all_reduce,8,8
231,0.055,0.055,0.055,0.055,0.0,0,8,4423680,all_reduce,8,8
232,0.055,0.056,0.05533333333333334,0.055,0.00047140452079103207,0,8,4456448,all_reduce,8,8
233,0.056,0.056,0.056,0.056,0.0,0,8,4489216,all_reduce,8,8
234,0.056,0.056,0.056,0.056,0.0,0,8,4521984,all_reduce,8,8
235,0.056,0.057,0.05633333333333334,0.056,0.00047140452079103207,0,8,4554752,all_reduce,8,8
236,0.057,0.058,0.05733333333333334,0.057,0.00047140452079103207,0,8,4587520,all_reduce,8,8
237,0.057,0.057,0.057,0.057,0.0,0,8,4620288,all_reduce,8,8
238,0.057,0.058,0.05733333333333334,0.057,0.00047140452079103207,0,8,4653056,all_reduce,8,8
239,0.058,0.058,0.058,0.058,0.0,0,8,4685824,all_reduce,8,8
240,0.057,0.058,0.05733333333333334,0.057,0.00047140452079103207,0,8,4718592,all_reduce,8,8
241,0.056,0.057,0.05666666666666667,0.057,0.00047140452079103207,0,8,4751360,all_reduce,8,8
242,0.056,0.057,0.05666666666666667,0.057,0.00047140452079103207,0,8,4784128,all_reduce,8,8
243,0.056,0.058,0.057,0.057,0.0008164965809277268,0,8,4816896,all_reduce,8,8
244,0.057,0.057,0.057,0.057,0.0,0,8,4849664,all_reduce,8,8
245,0.057,0.057,0.057,0.057,0.0,0,8,4882432,all_reduce,8,8
246,0.057,0.059000000000000004,0.05766666666666667,0.057,0.0009428090415820641,0,8,4915200,all_reduce,8,8
247,0.057,0.058,0.05733333333333334,0.057,0.00047140452079103207,0,8,4947968,all_reduce,8,8
248,0.057,0.058,0.05733333333333334,0.057,0.00047140452079103207,0,8,4980736,all_reduce,8,8
249,0.057,0.058,0.05766666666666667,0.058,0.00047140452079103207,0,8,5013504,all_reduce,8,8
250,0.058,0.058,0.058,0.058,0.0,0,8,5046272,all_reduce,8,8
251,0.058,0.058,0.058,0.058,0.0,0,8,5079040,all_reduce,8,8
252,0.058,0.059000000000000004,0.05833333333333334,0.058,0.00047140452079103207,0,8,5111808,all_reduce,8,8
253,0.058,0.059000000000000004,0.05866666666666667,0.059000000000000004,0.00047140452079103207,0,8,5144576,all_reduce,8,8
254,0.058,0.059000000000000004,0.05866666666666667,0.059000000000000004,0.00047140452079103207,0,8,5177344,all_reduce,8,8
255,0.059000000000000004,0.059000000000000004,0.059000000000000004,0.059000000000000004,0.0,0,8,5210112,all_reduce,8,8
256,0.058,0.059000000000000004,0.05866666666666667,0.059000000000000004,0.00047140452079103207,0,8,5242880,all_reduce,8,8
257,0.058,0.059000000000000004,0.05866666666666667,0.059000000000000004,0.00047140452079103207,0,8,5275648,all_reduce,8,8
258,0.059000000000000004,0.059000000000000004,0.059000000000000004,0.059000000000000004,0.0,0,8,5308416,all_reduce,8,8
259,0.059000000000000004,0.059000000000000004,0.059000000000000004,0.059000000000000004,0.0,0,8,5341184,all_reduce,8,8
260,0.058,0.059000000000000004,0.05866666666666667,0.059000000000000004,0.00047140452079103207,0,8,5373952,all_reduce,8,8
261,0.059000000000000004,0.06,0.05933333333333333,0.059000000000000004,0.0004714045207910288,0,8,5406720,all_reduce,8,8
262,0.059000000000000004,0.06,0.05933333333333333,0.059000000000000004,0.0004714045207910288,0,8,5439488,all_reduce,8,8
263,0.059000000000000004,0.06,0.05933333333333333,0.059000000000000004,0.0004714045207910288,0,8,5472256,all_reduce,8,8
264,0.06,0.06,0.06,0.06,0.0,0,8,5505024,all_reduce,8,8
265,0.06,0.06,0.06,0.06,0.0,0,8,5537792,all_reduce,8,8
266,0.06,0.06,0.06,0.06,0.0,0,8,5570560,all_reduce,8,8
267,0.06,0.061,0.06033333333333333,0.06,0.00047140452079103207,0,8,5603328,all_reduce,8,8
268,0.06,0.061,0.06066666666666667,0.061,0.00047140452079103207,0,8,5636096,all_reduce,8,8
269,0.06,0.061,0.06033333333333333,0.06,0.00047140452079103207,0,8,5668864,all_reduce,8,8
270,0.061,0.061,0.061,0.061,0.0,0,8,5701632,all_reduce,8,8
271,0.06,0.061,0.06066666666666667,0.061,0.00047140452079103207,0,8,5734400,all_reduce,8,8
272,0.061,0.062,0.06133333333333333,0.061,0.00047140452079103207,0,8,5767168,all_reduce,8,8
273,0.061,0.062,0.06133333333333333,0.061,0.00047140452079103207,0,8,5799936,all_reduce,8,8
274,0.061,0.062,0.06166666666666667,0.062,0.00047140452079103207,0,8,5832704,all_reduce,8,8
275,0.062,0.062,0.062,0.062,0.0,0,8,5865472,all_reduce,8,8
276,0.061,0.062,0.06166666666666667,0.062,0.00047140452079103207,0,8,5898240,all_reduce,8,8
277,0.061,0.062,0.06166666666666667,0.062,0.00047140452079103207,0,8,5931008,all_reduce,8,8
278,0.062,0.062,0.062,0.062,0.0,0,8,5963776,all_reduce,8,8
279,0.062,0.062,0.062,0.062,0.0,0,8,5996544,all_reduce,8,8
280,0.062,0.063,0.06233333333333333,0.062,0.00047140452079103207,0,8,6029312,all_reduce,8,8
281,0.063,0.063,0.063,0.063,0.0,0,8,6062080,all_reduce,8,8
282,0.063,0.067,0.06433333333333334,0.063,0.0018856180831641283,0,8,6094848,all_reduce,8,8
283,0.063,0.064,0.06366666666666666,0.064,0.00047140452079103207,0,8,6127616,all_reduce,8,8
284,0.064,0.064,0.064,0.064,0.0,0,8,6160384,all_reduce,8,8
285,0.062,0.064,0.063,0.063,0.0008164965809277268,0,8,6193152,all_reduce,8,8
286,0.064,0.064,0.064,0.064,0.0,0,8,6225920,all_reduce,8,8
287,0.064,0.065,0.06433333333333334,0.064,0.00047140452079103207,0,8,6258688,all_reduce,8,8
288,0.064,0.064,0.064,0.064,0.0,0,8,6291456,all_reduce,8,8
289,0.068,0.068,0.068,0.068,0.0,0,8,6324224,all_reduce,8,8
290,0.068,0.069,0.06833333333333334,0.068,0.00047140452079103207,0,8,6356992,all_reduce,8,8
291,0.068,0.069,0.06866666666666667,0.069,0.00047140452079103207,0,8,6389760,all_reduce,8,8
292,0.069,0.069,0.069,0.069,0.0,0,8,6422528,all_reduce,8,8
293,0.069,0.07,0.06933333333333334,0.069,0.00047140452079103207,0,8,6455296,all_reduce,8,8
294,0.069,0.07,0.06933333333333334,0.069,0.00047140452079103207,0,8,6488064,all_reduce,8,8
295,0.069,0.07,0.06966666666666667,0.07,0.00047140452079103207,0,8,6520832,all_reduce,8,8
296,0.07,0.07,0.07,0.07,0.0,0,8,6553600,all_reduce,8,8
297,0.07,0.07,0.07,0.07,0.0,0,8,6586368,all_reduce,8,8
298,0.07,0.07100000000000001,0.07033333333333334,0.07,0.00047140452079103207,0,8,6619136,all_reduce,8,8
299,0.07100000000000001,0.07200000000000001,0.07133333333333335,0.07100000000000001,0.00047140452079103207,0,8,6651904,all_reduce,8,8
300,0.07,0.07100000000000001,0.07066666666666667,0.07100000000000001,0.00047140452079103207,0,8,6684672,all_reduce,8,8
301,0.07100000000000001,0.07200000000000001,0.07166666666666667,0.07200000000000001,0.00047140452079103207,0,8,6717440,all_reduce,8,8
302,0.07100000000000001,0.07200000000000001,0.07133333333333335,0.07100000000000001,0.00047140452079103207,0,8,6750208,all_reduce,8,8
303,0.07200000000000001,0.07200000000000001,0.07200000000000001,0.07200000000000001,0.0,0,8,6782976,all_reduce,8,8
304,0.07200000000000001,0.07200000000000001,0.07200000000000001,0.07200000000000001,0.0,0,8,6815744,all_reduce,8,8
305,0.07100000000000001,0.07100000000000001,0.07100000000000001,0.07100000000000001,0.0,0,8,6848512,all_reduce,8,8
306,0.07100000000000001,0.07100000000000001,0.07100000000000001,0.07100000000000001,0.0,0,8,6881280,all_reduce,8,8
307,0.07,0.07100000000000001,0.07033333333333334,0.07,0.00047140452079103207,0,8,6914048,all_reduce,8,8
308,0.07100000000000001,0.07100000000000001,0.07100000000000001,0.07100000000000001,0.0,0,8,6946816,all_reduce,8,8
309,0.07100000000000001,0.07100000000000001,0.07100000000000001,0.07100000000000001,0.0,0,8,6979584,all_reduce,8,8
310,0.07100000000000001,0.07100000000000001,0.07100000000000001,0.07100000000000001,0.0,0,8,7012352,all_reduce,8,8
311,0.07100000000000001,0.07200000000000001,0.07133333333333335,0.07100000000000001,0.00047140452079103207,0,8,7045120,all_reduce,8,8
312,0.07100000000000001,0.07200000000000001,0.07166666666666667,0.07200000000000001,0.00047140452079103207,0,8,7077888,all_reduce,8,8
313,0.07100000000000001,0.07200000000000001,0.07166666666666667,0.07200000000000001,0.00047140452079103207,0,8,7110656,all_reduce,8,8
314,0.07100000000000001,0.07200000000000001,0.07166666666666667,0.07200000000000001,0.00047140452079103207,0,8,7143424,all_reduce,8,8
315,0.07100000000000001,0.07200000000000001,0.07166666666666667,0.07200000000000001,0.00047140452079103207,0,8,7176192,all_reduce,8,8
316,0.07100000000000001,0.07200000000000001,0.07166666666666667,0.07200000000000001,0.00047140452079103207,0,8,7208960,all_reduce,8,8
317,0.07200000000000001,0.073,0.07233333333333335,0.07200000000000001,0.00047140452079102557,0,8,7241728,all_reduce,8,8
318,0.07200000000000001,0.073,0.07233333333333335,0.07200000000000001,0.00047140452079102557,0,8,7274496,all_reduce,8,8
319,0.073,0.073,0.073,0.073,0.0,0,8,7307264,all_reduce,8,8
320,0.07200000000000001,0.073,0.07266666666666667,0.073,0.00047140452079102557,0,8,7340032,all_reduce,8,8
321,0.07100000000000001,0.07200000000000001,0.07166666666666667,0.07200000000000001,0.00047140452079103207,0,8,7372800,all_reduce,8,8
322,0.07200000000000001,0.07200000000000001,0.07200000000000001,0.07200000000000001,0.0,0,8,7405568,all_reduce,8,8
323,0.07200000000000001,0.07200000000000001,0.07200000000000001,0.07200000000000001,0.0,0,8,7438336,all_reduce,8,8
324,0.07100000000000001,0.07200000000000001,0.07166666666666667,0.07200000000000001,0.00047140452079103207,0,8,7471104,all_reduce,8,8
325,0.07200000000000001,0.073,0.07233333333333335,0.07200000000000001,0.00047140452079102557,0,8,7503872,all_reduce,8,8
326,0.07200000000000001,0.073,0.07233333333333335,0.07200000000000001,0.00047140452079102557,0,8,7536640,all_reduce,8,8
327,0.07200000000000001,0.073,0.07266666666666667,0.073,0.00047140452079102557,0,8,7569408,all_reduce,8,8
328,0.07200000000000001,0.07200000000000001,0.07200000000000001,0.07200000000000001,0.0,0,8,7602176,all_reduce,8,8
329,0.07200000000000001,0.073,0.07266666666666667,0.073,0.00047140452079102557,0,8,7634944,all_reduce,8,8
330,0.07200000000000001,0.07200000000000001,0.07200000000000001,0.07200000000000001,0.0,0,8,7667712,all_reduce,8,8
331,0.07200000000000001,0.073,0.07266666666666667,0.073,0.00047140452079102557,0,8,7700480,all_reduce,8,8
332,0.073,0.073,0.073,0.073,0.0,0,8,7733248,all_reduce,8,8
333,0.07200000000000001,0.073,0.07266666666666667,0.073,0.00047140452079102557,0,8,7766016,all_reduce,8,8
334,0.073,0.073,0.073,0.073,0.0,0,8,7798784,all_reduce,8,8
335,0.073,0.073,0.073,0.073,0.0,0,8,7831552,all_reduce,8,8
336,0.073,0.073,0.073,0.073,0.0,0,8,7864320,all_reduce,8,8
337,0.07200000000000001,0.073,0.07266666666666667,0.073,0.00047140452079102557,0,8,7897088,all_reduce,8,8
338,0.07100000000000001,0.073,0.07200000000000001,0.07200000000000001,0.0008164965809277211,0,8,7929856,all_reduce,8,8
339,0.07200000000000001,0.073,0.07233333333333335,0.07200000000000001,0.00047140452079102557,0,8,7962624,all_reduce,8,8
340,0.07200000000000001,0.073,0.07266666666666667,0.073,0.00047140452079102557,0,8,7995392,all_reduce,8,8
341,0.07200000000000001,0.073,0.07266666666666667,0.073,0.00047140452079102557,0,8,8028160,all_reduce,8,8
342,0.073,0.073,0.073,0.073,0.0,0,8,8060928,all_reduce,8,8
343,0.073,0.074,0.07333333333333332,0.073,0.00047140452079103207,0,8,8093696,all_reduce,8,8
344,0.073,0.074,0.07333333333333332,0.073,0.00047140452079103207,0,8,8126464,all_reduce,8,8
345,0.07200000000000001,0.074,0.07333333333333335,0.074,0.0009428090415820576,0,8,8159232,all_reduce,8,8
346,0.074,0.077,0.07533333333333332,0.075,0.0012472191289246482,0,8,8192000,all_reduce,8,8
347,0.074,0.074,0.074,0.074,0.0,0,8,8224768,all_reduce,8,8
348,0.074,0.074,0.074,0.074,0.0,0,8,8257536,all_reduce,8,8
349,0.073,0.074,0.07366666666666666,0.074,0.00047140452079103207,0,8,8290304,all_reduce,8,8
350,0.074,0.074,0.074,0.074,0.0,0,8,8323072,all_reduce,8,8
351,0.074,0.074,0.074,0.074,0.0,0,8,8355840,all_reduce,8,8
352,0.074,0.075,0.07433333333333332,0.074,0.00047140452079103207,0,8,8388608,all_reduce,8,8
353,0.078,0.08,0.079,0.079,0.0008164965809277268,0,8,8421376,all_reduce,8,8
354,0.078,0.081,0.079,0.078,0.0014142135623730965,0,8,8454144,all_reduce,8,8
355,0.08,0.083,0.081,0.08,0.0014142135623730965,0,8,8486912,all_reduce,8,8
356,0.079,0.08,0.07933333333333333,0.079,0.00047140452079103207,0,8,8519680,all_reduce,8,8
357,0.079,0.081,0.07966666666666666,0.079,0.0009428090415820641,0,8,8552448,all_reduce,8,8
358,0.079,0.082,0.08033333333333333,0.08,0.0012472191289246482,0,8,8585216,all_reduce,8,8
359,0.081,0.081,0.081,0.081,0.0,0,8,8617984,all_reduce,8,8
360,0.08,0.081,0.08066666666666666,0.081,0.00047140452079103207,0,8,8650752,all_reduce,8,8
361,0.081,0.081,0.081,0.081,0.0,0,8,8683520,all_reduce,8,8
362,0.081,0.084,0.082,0.081,0.0014142135623730965,0,8,8716288,all_reduce,8,8
363,0.081,0.085,0.08333333333333333,0.084,0.0016996731711975965,0,8,8749056,all_reduce,8,8
364,0.082,0.083,0.08233333333333333,0.082,0.00047140452079103207,0,8,8781824,all_reduce,8,8
365,0.08,0.082,0.08133333333333333,0.082,0.0009428090415820641,0,8,8814592,all_reduce,8,8
366,0.081,0.083,0.082,0.082,0.0008164965809277268,0,8,8847360,all_reduce,8,8
367,0.082,0.085,0.083,0.082,0.0014142135623730965,0,8,8880128,all_reduce,8,8
368,0.082,0.082,0.082,0.082,0.0,0,8,8912896,all_reduce,8,8
369,0.08,0.082,0.081,0.081,0.0008164965809277268,0,8,8945664,all_reduce,8,8
370,0.081,0.082,0.08166666666666667,0.082,0.00047140452079103207,0,8,8978432,all_reduce,8,8
371,0.08,0.081,0.08066666666666666,0.081,0.00047140452079103207,0,8,9011200,all_reduce,8,8
372,0.081,0.082,0.08133333333333333,0.081,0.00047140452079103207,0,8,9043968,all_reduce,8,8
373,0.082,0.083,0.08233333333333333,0.082,0.00047140452079103207,0,8,9076736,all_reduce,8,8
374,0.081,0.082,0.08133333333333333,0.081,0.00047140452079103207,0,8,9109504,all_reduce,8,8
375,0.082,0.083,0.08233333333333333,0.082,0.00047140452079103207,0,8,9142272,all_reduce,8,8
376,0.081,0.082,0.08166666666666667,0.082,0.00047140452079103207,0,8,9175040,all_reduce,8,8
377,0.082,0.083,0.08233333333333333,0.082,0.00047140452079103207,0,8,9207808,all_reduce,8,8
378,0.082,0.084,0.08266666666666667,0.082,0.0009428090415820641,0,8,9240576,all_reduce,8,8
379,0.082,0.083,0.08233333333333333,0.082,0.00047140452079103207,0,8,9273344,all_reduce,8,8
380,0.082,0.083,0.08266666666666667,0.083,0.00047140452079103207,0,8,9306112,all_reduce,8,8
381,0.083,0.084,0.08333333333333333,0.083,0.00047140452079103207,0,8,9338880,all_reduce,8,8
382,0.082,0.083,0.08266666666666667,0.083,0.00047140452079103207,0,8,9371648,all_reduce,8,8
383,0.083,0.084,0.08333333333333333,0.083,0.00047140452079103207,0,8,9404416,all_reduce,8,8
384,0.083,0.08600000000000001,0.084,0.083,0.0014142135623730965,0,8,9437184,all_reduce,8,8
385,0.083,0.083,0.083,0.083,0.0,0,8,9469952,all_reduce,8,8
386,0.083,0.083,0.083,0.083,0.0,0,8,9502720,all_reduce,8,8
387,0.083,0.083,0.083,0.083,0.0,0,8,9535488,all_reduce,8,8
388,0.083,0.083,0.083,0.083,0.0,0,8,9568256,all_reduce,8,8
389,0.083,0.083,0.083,0.083,0.0,0,8,9601024,all_reduce,8,8
390,0.083,0.084,0.08366666666666667,0.084,0.00047140452079103207,0,8,9633792,all_reduce,8,8
391,0.083,0.084,0.08366666666666667,0.084,0.00047140452079103207,0,8,9666560,all_reduce,8,8
392,0.083,0.084,0.08333333333333333,0.083,0.00047140452079103207,0,8,9699328,all_reduce,8,8
393,0.084,0.089,0.08600000000000001,0.085,0.0021602468994692823,0,8,9732096,all_reduce,8,8
394,0.084,0.084,0.084,0.084,0.0,0,8,9764864,all_reduce,8,8
395,0.084,0.085,0.08433333333333333,0.084,0.00047140452079103207,0,8,9797632,all_reduce,8,8
396,0.084,0.085,0.08433333333333333,0.084,0.00047140452079103207,0,8,9830400,all_reduce,8,8
397,0.084,0.085,0.08466666666666667,0.085,0.00047140452079103207,0,8,9863168,all_reduce,8,8
398,0.085,0.085,0.085,0.085,0.0,0,8,9895936,all_reduce,8,8
399,0.085,0.085,0.085,0.085,0.0,0,8,9928704,all_reduce,8,8
400,0.085,0.085,0.085,0.085,0.0,0,8,9961472,all_reduce,8,8
401,0.085,0.085,0.085,0.085,0.0,0,8,9994240,all_reduce,8,8
402,0.085,0.085,0.085,0.085,0.0,0,8,10027008,all_reduce,8,8
403,0.085,0.08600000000000001,0.08566666666666667,0.08600000000000001,0.00047140452079103207,0,8,10059776,all_reduce,8,8
404,0.08600000000000001,0.089,0.08700000000000001,0.08600000000000001,0.0014142135623730898,0,8,10092544,all_reduce,8,8
405,0.085,0.08600000000000001,0.08566666666666667,0.08600000000000001,0.00047140452079103207,0,8,10125312,all_reduce,8,8
406,0.08600000000000001,0.08700000000000001,0.08633333333333333,0.08600000000000001,0.00047140452079103207,0,8,10158080,all_reduce,8,8
407,0.08600000000000001,0.08600000000000001,0.08600000000000001,0.08600000000000001,0.0,0,8,10190848,all_reduce,8,8
408,0.08600000000000001,0.08600000000000001,0.08600000000000001,0.08600000000000001,0.0,0,8,10223616,all_reduce,8,8
409,0.08600000000000001,0.08700000000000001,0.08633333333333333,0.08600000000000001,0.00047140452079103207,0,8,10256384,all_reduce,8,8
410,0.08600000000000001,0.08600000000000001,0.08600000000000001,0.08600000000000001,0.0,0,8,10289152,all_reduce,8,8
411,0.08700000000000001,0.08700000000000001,0.08700000000000001,0.08700000000000001,0.0,0,8,10321920,all_reduce,8,8
412,0.08700000000000001,0.08700000000000001,0.08700000000000001,0.08700000000000001,0.0,0,8,10354688,all_reduce,8,8
413,0.08600000000000001,0.08700000000000001,0.08666666666666667,0.08700000000000001,0.00047140452079103207,0,8,10387456,all_reduce,8,8
414,0.08700000000000001,0.08700000000000001,0.08700000000000001,0.08700000000000001,0.0,0,8,10420224,all_reduce,8,8
415,0.088,0.088,0.08800000000000001,0.088,1.3877787807814457e-17,0,8,10452992,all_reduce,8,8
416,0.08700000000000001,0.088,0.08766666666666667,0.088,0.00047140452079102557,0,8,10485760,all_reduce,8,8
417,0.08700000000000001,0.08700000000000001,0.08700000000000001,0.08700000000000001,0.0,0,8,10518528,all_reduce,8,8
418,0.08700000000000001,0.08700000000000001,0.08700000000000001,0.08700000000000001,0.0,0,8,10551296,all_reduce,8,8
419,0.08700000000000001,0.08700000000000001,0.08700000000000001,0.08700000000000001,0.0,0,8,10584064,all_reduce,8,8
420,0.08700000000000001,0.08700000000000001,0.08700000000000001,0.08700000000000001,0.0,0,8,10616832,all_reduce,8,8
421,0.08700000000000001,0.08700000000000001,0.08700000000000001,0.08700000000000001,0.0,0,8,10649600,all_reduce,8,8
422,0.08700000000000001,0.088,0.08766666666666667,0.088,0.00047140452079102557,0,8,10682368,all_reduce,8,8
423,0.088,0.088,0.08800000000000001,0.088,1.3877787807814457e-17,0,8,10715136,all_reduce,8,8
424,0.088,0.088,0.08800000000000001,0.088,1.3877787807814457e-17,0,8,10747904,all_reduce,8,8
425,0.088,0.089,0.08833333333333333,0.088,0.00047140452079103207,0,8,10780672,all_reduce,8,8
426,0.088,0.089,0.08833333333333333,0.088,0.00047140452079103207,0,8,10813440,all_reduce,8,8
427,0.088,0.089,0.08866666666666667,0.089,0.00047140452079103207,0,8,10846208,all_reduce,8,8
428,0.088,0.089,0.08866666666666667,0.089,0.00047140452079103207,0,8,10878976,all_reduce,8,8
429,0.089,0.089,0.08900000000000001,0.089,1.3877787807814457e-17,0,8,10911744,all_reduce,8,8
430,0.088,0.089,0.08866666666666667,0.089,0.00047140452079103207,0,8,10944512,all_reduce,8,8
431,0.089,0.089,0.08900000000000001,0.089,1.3877787807814457e-17,0,8,10977280,all_reduce,8,8
432,0.089,0.089,0.08900000000000001,0.089,1.3877787807814457e-17,0,8,11010048,all_reduce,8,8
433,0.088,0.089,0.08866666666666667,0.089,0.00047140452079103207,0,8,11042816,all_reduce,8,8
434,0.089,0.089,0.08900000000000001,0.089,1.3877787807814457e-17,0,8,11075584,all_reduce,8,8
435,0.089,0.089,0.08900000000000001,0.089,1.3877787807814457e-17,0,8,11108352,all_reduce,8,8
436,0.089,0.09,0.08933333333333333,0.089,0.00047140452079103207,0,8,11141120,all_reduce,8,8
437,0.089,0.09,0.08966666666666667,0.09,0.00047140452079103207,0,8,11173888,all_reduce,8,8
438,0.09,0.09,0.09000000000000001,0.09,1.3877787807814457e-17,0,8,11206656,all_reduce,8,8
439,0.09,0.09,0.09000000000000001,0.09,1.3877787807814457e-17,0,8,11239424,all_reduce,8,8
440,0.09,0.091,0.09033333333333333,0.09,0.00047140452079103207,0,8,11272192,all_reduce,8,8
441,0.09,0.091,0.09066666666666667,0.091,0.00047140452079103207,0,8,11304960,all_reduce,8,8
442,0.09,0.09,0.09000000000000001,0.09,1.3877787807814457e-17,0,8,11337728,all_reduce,8,8
443,0.09,0.091,0.09066666666666667,0.091,0.00047140452079103207,0,8,11370496,all_reduce,8,8
444,0.091,0.091,0.09100000000000001,0.091,1.3877787807814457e-17,0,8,11403264,all_reduce,8,8
445,0.091,0.091,0.09100000000000001,0.091,1.3877787807814457e-17,0,8,11436032,all_reduce,8,8
446,0.09,0.092,0.09100000000000001,0.091,0.0008164965809277268,0,8,11468800,all_reduce,8,8
447,0.091,0.092,0.09133333333333334,0.091,0.00047140452079103207,0,8,11501568,all_reduce,8,8
448,0.091,0.092,0.09166666666666667,0.092,0.00047140452079103207,0,8,11534336,all_reduce,8,8
449,0.091,0.091,0.09100000000000001,0.091,1.3877787807814457e-17,0,8,11567104,all_reduce,8,8
450,0.091,0.091,0.09100000000000001,0.091,1.3877787807814457e-17,0,8,11599872,all_reduce,8,8
451,0.091,0.091,0.09100000000000001,0.091,1.3877787807814457e-17,0,8,11632640,all_reduce,8,8
452,0.091,0.092,0.09133333333333334,0.091,0.00047140452079103207,0,8,11665408,all_reduce,8,8
453,0.092,0.092,0.09200000000000001,0.092,1.3877787807814457e-17,0,8,11698176,all_reduce,8,8
454,0.092,0.092,0.09200000000000001,0.092,1.3877787807814457e-17,0,8,11730944,all_reduce,8,8
455,0.092,0.092,0.09200000000000001,0.092,1.3877787807814457e-17,0,8,11763712,all_reduce,8,8
456,0.091,0.092,0.09166666666666667,0.092,0.00047140452079103207,0,8,11796480,all_reduce,8,8
457,0.092,0.093,0.09233333333333334,0.092,0.00047140452079103207,0,8,11829248,all_reduce,8,8
458,0.092,0.092,0.09200000000000001,0.092,1.3877787807814457e-17,0,8,11862016,all_reduce,8,8
459,0.092,0.093,0.09266666666666667,0.093,0.00047140452079103207,0,8,11894784,all_reduce,8,8
460,0.092,0.093,0.09266666666666667,0.093,0.00047140452079103207,0,8,11927552,all_reduce,8,8
461,0.093,0.094,0.09333333333333334,0.093,0.00047140452079103207,0,8,11960320,all_reduce,8,8
462,0.093,0.094,0.09366666666666668,0.094,0.00047140452079103207,0,8,11993088,all_reduce,8,8
463,0.093,0.094,0.09333333333333334,0.093,0.00047140452079103207,0,8,12025856,all_reduce,8,8
464,0.093,0.094,0.09333333333333334,0.093,0.00047140452079103207,0,8,12058624,all_reduce,8,8
465,0.095,0.095,0.09500000000000001,0.095,1.3877787807814457e-17,0,8,12091392,all_reduce,8,8
466,0.094,0.095,0.09466666666666668,0.095,0.00047140452079103207,0,8,12124160,all_reduce,8,8
467,0.093,0.095,0.09433333333333334,0.095,0.0009428090415820641,0,8,12156928,all_reduce,8,8
468,0.095,0.095,0.09500000000000001,0.095,1.3877787807814457e-17,0,8,12189696,all_reduce,8,8
469,0.094,0.095,0.09466666666666668,0.095,0.00047140452079103207,0,8,12222464,all_reduce,8,8
470,0.095,0.095,0.09500000000000001,0.095,1.3877787807814457e-17,0,8,12255232,all_reduce,8,8
471,0.095,0.095,0.09500000000000001,0.095,1.3877787807814457e-17,0,8,12288000,all_reduce,8,8
472,0.096,0.096,0.09600000000000002,0.096,1.3877787807814457e-17,0,8,12320768,all_reduce,8,8
473,0.096,0.096,0.09600000000000002,0.096,1.3877787807814457e-17,0,8,12353536,all_reduce,8,8
474,0.096,0.096,0.09600000000000002,0.096,1.3877787807814457e-17,0,8,12386304,all_reduce,8,8
475,0.096,0.096,0.09600000000000002,0.096,1.3877787807814457e-17,0,8,12419072,all_reduce,8,8
476,0.096,0.097,0.09666666666666668,0.097,0.00047140452079103207,0,8,12451840,all_reduce,8,8
477,0.096,0.097,0.09666666666666668,0.097,0.00047140452079103207,0,8,12484608,all_reduce,8,8
478,0.096,0.097,0.09666666666666668,0.097,0.00047140452079103207,0,8,12517376,all_reduce,8,8
479,0.097,0.098,0.09766666666666668,0.098,0.00047140452079103207,0,8,12550144,all_reduce,8,8
480,0.096,0.098,0.09700000000000002,0.097,0.0008164965809277268,0,8,12582912,all_reduce,8,8
481,0.10300000000000001,0.10400000000000001,0.10366666666666668,0.10400000000000001,0.00047140452079103207,0,8,12615680,all_reduce,8,8
482,0.10200000000000001,0.10400000000000001,0.10300000000000002,0.10300000000000001,0.0008164965809277268,0,8,12648448,all_reduce,8,8
483,0.10300000000000001,0.105,0.10400000000000002,0.10400000000000001,0.0008164965809277211,0,8,12681216,all_reduce,8,8
484,0.10400000000000001,0.105,0.10466666666666667,0.105,0.00047140452079102557,0,8,12713984,all_reduce,8,8
485,0.10400000000000001,0.105,0.10433333333333333,0.10400000000000001,0.00047140452079102557,0,8,12746752,all_reduce,8,8
486,0.105,0.105,0.105,0.105,0.0,0,8,12779520,all_reduce,8,8
487,0.105,0.105,0.105,0.105,0.0,0,8,12812288,all_reduce,8,8
488,0.10400000000000001,0.106,0.105,0.105,0.0008164965809277211,0,8,12845056,all_reduce,8,8
489,0.105,0.105,0.105,0.105,0.0,0,8,12877824,all_reduce,8,8
490,0.105,0.106,0.10533333333333333,0.105,0.00047140452079103207,0,8,12910592,all_reduce,8,8
491,0.106,0.106,0.106,0.106,0.0,0,8,12943360,all_reduce,8,8
492,0.105,0.106,0.10533333333333333,0.105,0.00047140452079103207,0,8,12976128,all_reduce,8,8
493,0.106,0.107,0.10633333333333334,0.106,0.00047140452079103207,0,8,13008896,all_reduce,8,8
494,0.106,0.106,0.106,0.106,0.0,0,8,13041664,all_reduce,8,8
495,0.107,0.107,0.107,0.107,0.0,0,8,13074432,all_reduce,8,8
496,0.107,0.108,0.10733333333333334,0.107,0.00047140452079103207,0,8,13107200,all_reduce,8,8
497,0.106,0.106,0.106,0.106,0.0,0,8,13139968,all_reduce,8,8
498,0.105,0.106,0.10566666666666667,0.106,0.00047140452079103207,0,8,13172736,all_reduce,8,8
499,0.106,0.106,0.106,0.106,0.0,0,8,13205504,all_reduce,8,8
500,0.106,0.107,0.10633333333333334,0.106,0.00047140452079103207,0,8,13238272,all_reduce,8,8
501,0.105,0.106,0.10566666666666667,0.106,0.00047140452079103207,0,8,13271040,all_reduce,8,8
502,0.106,0.106,0.106,0.106,0.0,0,8,13303808,all_reduce,8,8
503,0.106,0.106,0.106,0.106,0.0,0,8,13336576,all_reduce,8,8
504,0.106,0.107,0.10633333333333334,0.106,0.00047140452079103207,0,8,13369344,all_reduce,8,8
505,0.106,0.107,0.10666666666666667,0.107,0.00047140452079103207,0,8,13402112,all_reduce,8,8
506,0.107,0.107,0.107,0.107,0.0,0,8,13434880,all_reduce,8,8
507,0.106,0.107,0.10633333333333334,0.106,0.00047140452079103207,0,8,13467648,all_reduce,8,8
508,0.106,0.107,0.10633333333333334,0.106,0.00047140452079103207,0,8,13500416,all_reduce,8,8
509,0.107,0.108,0.10733333333333334,0.107,0.00047140452079103207,0,8,13533184,all_reduce,8,8
510,0.107,0.108,0.10733333333333334,0.107,0.00047140452079103207,0,8,13565952,all_reduce,8,8
511,0.107,0.107,0.107,0.107,0.0,0,8,13598720,all_reduce,8,8
512,0.108,0.108,0.108,0.108,0.0,0,8,13631488,all_reduce,8,8
513,0.106,0.107,0.10633333333333334,0.106,0.00047140452079103207,0,8,13664256,all_reduce,8,8
514,0.106,0.107,0.10666666666666667,0.107,0.00047140452079103207,0,8,13697024,all_reduce,8,8
515,0.106,0.107,0.10666666666666667,0.107,0.00047140452079103207,0,8,13729792,all_reduce,8,8
516,0.107,0.107,0.107,0.107,0.0,0,8,13762560,all_reduce,8,8
517,0.107,0.107,0.107,0.107,0.0,0,8,13795328,all_reduce,8,8
518,0.106,0.107,0.10666666666666667,0.107,0.00047140452079103207,0,8,13828096,all_reduce,8,8
519,0.107,0.107,0.107,0.107,0.0,0,8,13860864,all_reduce,8,8
520,0.106,0.108,0.10733333333333334,0.108,0.0009428090415820641,0,8,13893632,all_reduce,8,8
521,0.107,0.108,0.10733333333333334,0.107,0.00047140452079103207,0,8,13926400,all_reduce,8,8
522,0.106,0.107,0.10666666666666667,0.107,0.00047140452079103207,0,8,13959168,all_reduce,8,8
523,0.107,0.108,0.10766666666666667,0.108,0.00047140452079103207,0,8,13991936,all_reduce,8,8
524,0.107,0.107,0.107,0.107,0.0,0,8,14024704,all_reduce,8,8
525,0.107,0.108,0.10766666666666667,0.108,0.00047140452079103207,0,8,14057472,all_reduce,8,8
526,0.107,0.108,0.10766666666666667,0.108,0.00047140452079103207,0,8,14090240,all_reduce,8,8
527,0.108,0.109,0.10833333333333334,0.108,0.00047140452079103207,0,8,14123008,all_reduce,8,8
528,0.108,0.108,0.108,0.108,0.0,0,8,14155776,all_reduce,8,8
529,0.107,0.107,0.107,0.107,0.0,0,8,14188544,all_reduce,8,8
530,0.106,0.107,0.10666666666666667,0.107,0.00047140452079103207,0,8,14221312,all_reduce,8,8
531,0.107,0.107,0.107,0.107,0.0,0,8,14254080,all_reduce,8,8
532,0.107,0.107,0.107,0.107,0.0,0,8,14286848,all_reduce,8,8
533,0.107,0.108,0.10733333333333334,0.107,0.00047140452079103207,0,8,14319616,all_reduce,8,8
534,0.107,0.107,0.107,0.107,0.0,0,8,14352384,all_reduce,8,8
535,0.107,0.108,0.10766666666666667,0.108,0.00047140452079103207,0,8,14385152,all_reduce,8,8
536,0.107,0.108,0.10766666666666667,0.108,0.00047140452079103207,0,8,14417920,all_reduce,8,8
537,0.108,0.109,0.10833333333333334,0.108,0.00047140452079103207,0,8,14450688,all_reduce,8,8
538,0.108,0.108,0.108,0.108,0.0,0,8,14483456,all_reduce,8,8
539,0.108,0.109,0.10833333333333334,0.108,0.00047140452079103207,0,8,14516224,all_reduce,8,8
540,0.108,0.108,0.108,0.108,0.0,0,8,14548992,all_reduce,8,8
541,0.108,0.108,0.108,0.108,0.0,0,8,14581760,all_reduce,8,8
542,0.108,0.109,0.10833333333333334,0.108,0.00047140452079103207,0,8,14614528,all_reduce,8,8
543,0.108,0.109,0.10866666666666668,0.109,0.00047140452079103207,0,8,14647296,all_reduce,8,8
544,0.107,0.109,0.108,0.108,0.0008164965809277268,0,8,14680064,all_reduce,8,8
545,0.108,0.109,0.10833333333333334,0.108,0.00047140452079103207,0,8,14712832,all_reduce,8,8
546,0.108,0.108,0.108,0.108,0.0,0,8,14745600,all_reduce,8,8
547,0.108,0.109,0.10866666666666668,0.109,0.00047140452079103207,0,8,14778368,all_reduce,8,8
548,0.108,0.11,0.10866666666666668,0.108,0.0009428090415820641,0,8,14811136,all_reduce,8,8
549,0.108,0.109,0.10866666666666668,0.109,0.00047140452079103207,0,8,14843904,all_reduce,8,8
550,0.108,0.109,0.10833333333333334,0.108,0.00047140452079103207,0,8,14876672,all_reduce,8,8
551,0.109,0.111,0.10966666666666668,0.109,0.0009428090415820641,0,8,14909440,all_reduce,8,8
552,0.109,0.11,0.10933333333333334,0.109,0.00047140452079103207,0,8,14942208,all_reduce,8,8
553,0.109,0.109,0.109,0.109,0.0,0,8,14974976,all_reduce,8,8
554,0.109,0.11,0.10933333333333334,0.109,0.00047140452079103207,0,8,15007744,all_reduce,8,8
555,0.108,0.11,0.109,0.109,0.0008164965809277268,0,8,15040512,all_reduce,8,8
556,0.109,0.109,0.109,0.109,0.0,0,8,15073280,all_reduce,8,8
557,0.109,0.11,0.10966666666666668,0.11,0.00047140452079103207,0,8,15106048,all_reduce,8,8
558,0.109,0.11,0.10933333333333334,0.109,0.00047140452079103207,0,8,15138816,all_reduce,8,8
559,0.11,0.11,0.11,0.11,0.0,0,8,15171584,all_reduce,8,8
560,0.109,0.11,0.10933333333333334,0.109,0.00047140452079103207,0,8,15204352,all_reduce,8,8
561,0.108,0.109,0.10866666666666668,0.109,0.00047140452079103207,0,8,15237120,all_reduce,8,8
562,0.109,0.11,0.10966666666666668,0.11,0.00047140452079103207,0,8,15269888,all_reduce,8,8
563,0.109,0.11,0.10933333333333334,0.109,0.00047140452079103207,0,8,15302656,all_reduce,8,8
564,0.11,0.11,0.11,0.11,0.0,0,8,15335424,all_reduce,8,8
565,0.109,0.111,0.11,0.11,0.0008164965809277268,0,8,15368192,all_reduce,8,8
566,0.109,0.11,0.10933333333333334,0.109,0.00047140452079103207,0,8,15400960,all_reduce,8,8
567,0.109,0.11,0.10966666666666668,0.11,0.00047140452079103207,0,8,15433728,all_reduce,8,8
568,0.109,0.11,0.10966666666666668,0.11,0.00047140452079103207,0,8,15466496,all_reduce,8,8
569,0.11,0.11,0.11,0.11,0.0,0,8,15499264,all_reduce,8,8
570,0.109,0.11,0.10966666666666668,0.11,0.00047140452079103207,0,8,15532032,all_reduce,8,8
571,0.109,0.111,0.11,0.11,0.0008164965809277268,0,8,15564800,all_reduce,8,8
572,0.11,0.11,0.11,0.11,0.0,0,8,15597568,all_reduce,8,8
573,0.11,0.111,0.11033333333333334,0.11,0.00047140452079103207,0,8,15630336,all_reduce,8,8
574,0.11,0.111,0.11033333333333334,0.11,0.00047140452079103207,0,8,15663104,all_reduce,8,8
575,0.111,0.111,0.111,0.111,0.0,0,8,15695872,all_reduce,8,8
576,0.11,0.111,0.11066666666666668,0.111,0.00047140452079103207,0,8,15728640,all_reduce,8,8
577,0.11,0.111,0.11066666666666668,0.111,0.00047140452079103207,0,8,15761408,all_reduce,8,8
578,0.11,0.111,0.11033333333333334,0.11,0.00047140452079103207,0,8,15794176,all_reduce,8,8
579,0.11,0.111,0.11066666666666668,0.111,0.00047140452079103207,0,8,15826944,all_reduce,8,8
580,0.111,0.111,0.111,0.111,0.0,0,8,15859712,all_reduce,8,8
581,0.111,0.112,0.11133333333333334,0.111,0.00047140452079103207,0,8,15892480,all_reduce,8,8
582,0.111,0.112,0.11133333333333334,0.111,0.00047140452079103207,0,8,15925248,all_reduce,8,8
583,0.111,0.112,0.11166666666666668,0.112,0.00047140452079103207,0,8,15958016,all_reduce,8,8
584,0.111,0.112,0.11133333333333334,0.111,0.00047140452079103207,0,8,15990784,all_reduce,8,8
585,0.112,0.112,0.112,0.112,0.0,0,8,16023552,all_reduce,8,8
586,0.112,0.112,0.112,0.112,0.0,0,8,16056320,all_reduce,8,8
587,0.112,0.112,0.112,0.112,0.0,0,8,16089088,all_reduce,8,8
588,0.112,0.113,0.11233333333333334,0.112,0.00047140452079103207,0,8,16121856,all_reduce,8,8
589,0.111,0.112,0.11166666666666668,0.112,0.00047140452079103207,0,8,16154624,all_reduce,8,8
590,0.112,0.113,0.11233333333333334,0.112,0.00047140452079103207,0,8,16187392,all_reduce,8,8
591,0.112,0.113,0.11266666666666668,0.113,0.00047140452079103207,0,8,16220160,all_reduce,8,8
592,0.112,0.113,0.11233333333333334,0.112,0.00047140452079103207,0,8,16252928,all_reduce,8,8
593,0.115,0.115,0.115,0.115,0.0,0,8,16285696,all_reduce,8,8
594,0.115,0.116,0.11533333333333334,0.115,0.00047140452079103207,0,8,16318464,all_reduce,8,8
595,0.115,0.115,0.115,0.115,0.0,0,8,16351232,all_reduce,8,8
596,0.114,0.115,0.11466666666666668,0.115,0.00047140452079103207,0,8,16384000,all_reduce,8,8
597,0.114,0.115,0.11433333333333334,0.114,0.00047140452079103207,0,8,16416768,all_reduce,8,8
598,0.115,0.115,0.115,0.115,0.0,0,8,16449536,all_reduce,8,8
599,0.114,0.115,0.11466666666666668,0.115,0.00047140452079103207,0,8,16482304,all_reduce,8,8
600,0.114,0.116,0.11533333333333334,0.116,0.0009428090415820641,0,8,16515072,all_reduce,8,8
601,0.115,0.116,0.11533333333333334,0.115,0.00047140452079103207,0,8,16547840,all_reduce,8,8
602,0.115,0.115,0.115,0.115,0.0,0,8,16580608,all_reduce,8,8
603,0.116,0.117,0.11633333333333334,0.116,0.00047140452079103207,0,8,16613376,all_reduce,8,8
604,0.116,0.116,0.116,0.116,0.0,0,8,16646144,all_reduce,8,8
605,0.115,0.117,0.116,0.116,0.0008164965809277268,0,8,16678912,all_reduce,8,8
606,0.115,0.117,0.116,0.116,0.0008164965809277268,0,8,16711680,all_reduce,8,8
607,0.116,0.117,0.11633333333333334,0.116,0.00047140452079103207,0,8,16744448,all_reduce,8,8
608,0.116,0.117,0.11633333333333334,0.116,0.00047140452079103207,0,8,16777216,all_reduce,8,8
609,0.116,0.117,0.11633333333333334,0.116,0.00047140452079103207,0,8,16777216,all_reduce,8,8
610,0.124,0.124,0.124,0.124,0.0,0,8,16908288,all_reduce,8,8
611,0.125,0.126,0.12533333333333332,0.125,0.00047140452079103207,0,8,17039360,all_reduce,8,8
612,0.125,0.126,0.12566666666666668,0.126,0.00047140452079103207,0,8,17170432,all_reduce,8,8
613,0.127,0.127,0.127,0.127,0.0,0,8,17301504,all_reduce,8,8
614,0.126,0.126,0.126,0.126,0.0,0,8,17432576,all_reduce,8,8
615,0.126,0.127,0.12666666666666668,0.127,0.00047140452079103207,0,8,17563648,all_reduce,8,8
616,0.126,0.127,0.12666666666666668,0.127,0.00047140452079103207,0,8,17694720,all_reduce,8,8
617,0.127,0.127,0.127,0.127,0.0,0,8,17825792,all_reduce,8,8
618,0.127,0.127,0.127,0.127,0.0,0,8,17956864,all_reduce,8,8
619,0.127,0.128,0.12766666666666668,0.128,0.00047140452079103207,0,8,18087936,all_reduce,8,8
620,0.127,0.128,0.12733333333333333,0.127,0.00047140452079103207,0,8,18219008,all_reduce,8,8
621,0.127,0.128,0.12766666666666668,0.128,0.00047140452079103207,0,8,18350080,all_reduce,8,8
622,0.127,0.128,0.12766666666666668,0.128,0.00047140452079103207,0,8,18481152,all_reduce,8,8
623,0.127,0.128,0.12766666666666668,0.128,0.00047140452079103207,0,8,18612224,all_reduce,8,8
624,0.128,0.129,0.12833333333333333,0.128,0.00047140452079103207,0,8,18743296,all_reduce,8,8
625,0.128,0.129,0.12866666666666668,0.129,0.00047140452079103207,0,8,18874368,all_reduce,8,8
626,0.129,0.129,0.129,0.129,0.0,0,8,19005440,all_reduce,8,8
627,0.129,0.129,0.129,0.129,0.0,0,8,19136512,all_reduce,8,8
628,0.129,0.129,0.129,0.129,0.0,0,8,19267584,all_reduce,8,8
629,0.128,0.13,0.129,0.129,0.0008164965809277268,0,8,19398656,all_reduce,8,8
630,0.128,0.13,0.129,0.129,0.0008164965809277268,0,8,19529728,all_reduce,8,8
631,0.129,0.13,0.12933333333333333,0.129,0.00047140452079103207,0,8,19660800,all_reduce,8,8
632,0.129,0.13,0.12966666666666668,0.13,0.00047140452079103207,0,8,19791872,all_reduce,8,8
633,0.129,0.13,0.12933333333333333,0.129,0.00047140452079103207,0,8,19922944,all_reduce,8,8
634,0.13,0.13,0.13,0.13,0.0,0,8,20054016,all_reduce,8,8
635,0.13,0.13,0.13,0.13,0.0,0,8,20185088,all_reduce,8,8
636,0.13,0.131,0.13066666666666668,0.131,0.00047140452079103207,0,8,20316160,all_reduce,8,8
637,0.131,0.131,0.131,0.131,0.0,0,8,20447232,all_reduce,8,8
638,0.133,0.134,0.13366666666666668,0.134,0.00047140452079103207,0,8,20578304,all_reduce,8,8
639,0.133,0.133,0.133,0.133,0.0,0,8,20709376,all_reduce,8,8
640,0.134,0.134,0.134,0.134,0.0,0,8,20840448,all_reduce,8,8
641,0.135,0.137,0.13566666666666669,0.135,0.0009428090415820641,0,8,20971520,all_reduce,8,8
642,0.14100000000000001,0.14100000000000001,0.14100000000000001,0.14100000000000001,0.0,0,8,21102592,all_reduce,8,8
643,0.14300000000000002,0.14400000000000002,0.14333333333333334,0.14300000000000002,0.00047140452079103207,0,8,21233664,all_reduce,8,8
644,0.14300000000000002,0.14300000000000002,0.14300000000000002,0.14300000000000002,0.0,0,8,21364736,all_reduce,8,8
645,0.14400000000000002,0.145,0.1446666666666667,0.145,0.000471404520791019,0,8,21495808,all_reduce,8,8
646,0.14400000000000002,0.14400000000000002,0.14400000000000002,0.14400000000000002,0.0,0,8,21626880,all_reduce,8,8
647,0.14300000000000002,0.145,0.14400000000000002,0.14400000000000002,0.0008164965809277153,0,8,21757952,all_reduce,8,8
648,0.145,0.145,0.145,0.145,0.0,0,8,21889024,all_reduce,8,8
649,0.145,0.145,0.145,0.145,0.0,0,8,22020096,all_reduce,8,8
650,0.14400000000000002,0.145,0.14433333333333334,0.14400000000000002,0.000471404520791019,0,8,22151168,all_reduce,8,8
651,0.14400000000000002,0.145,0.1446666666666667,0.145,0.000471404520791019,0,8,22282240,all_reduce,8,8
652,0.145,0.146,0.14533333333333331,0.145,0.00047140452079103207,0,8,22413312,all_reduce,8,8
653,0.146,0.146,0.146,0.146,0.0,0,8,22544384,all_reduce,8,8
654,0.145,0.146,0.14533333333333331,0.145,0.00047140452079103207,0,8,22675456,all_reduce,8,8
655,0.145,0.146,0.14533333333333331,0.145,0.00047140452079103207,0,8,22806528,all_reduce,8,8
656,0.146,0.147,0.14666666666666664,0.147,0.00047140452079103207,0,8,22937600,all_reduce,8,8
657,0.147,0.147,0.147,0.147,0.0,0,8,23068672,all_reduce,8,8
658,0.146,0.146,0.146,0.146,0.0,0,8,23199744,all_reduce,8,8
659,0.146,0.147,0.14633333333333332,0.146,0.00047140452079103207,0,8,23330816,all_reduce,8,8
660,0.147,0.148,0.14733333333333332,0.147,0.00047140452079103207,0,8,23461888,all_reduce,8,8
661,0.147,0.147,0.147,0.147,0.0,0,8,23592960,all_reduce,8,8
662,0.146,0.147,0.14666666666666664,0.147,0.00047140452079103207,0,8,23724032,all_reduce,8,8
663,0.147,0.148,0.14733333333333332,0.147,0.00047140452079103207,0,8,23855104,all_reduce,8,8
664,0.148,0.148,0.148,0.148,0.0,0,8,23986176,all_reduce,8,8
665,0.148,0.149,0.14833333333333332,0.148,0.00047140452079103207,0,8,24117248,all_reduce,8,8
666,0.149,0.149,0.149,0.149,0.0,0,8,24248320,all_reduce,8,8
667,0.149,0.149,0.149,0.149,0.0,0,8,24379392,all_reduce,8,8
668,0.149,0.15,0.14966666666666664,0.15,0.00047140452079103207,0,8,24510464,all_reduce,8,8
669,0.15,0.151,0.15033333333333332,0.15,0.00047140452079103207,0,8,24641536,all_reduce,8,8
670,0.152,0.152,0.152,0.152,0.0,0,8,24772608,all_reduce,8,8
671,0.153,0.153,0.153,0.153,0.0,0,8,24903680,all_reduce,8,8
672,0.153,0.154,0.15366666666666665,0.154,0.00047140452079103207,0,8,25034752,all_reduce,8,8
673,0.153,0.155,0.154,0.154,0.0008164965809277268,0,8,25165824,all_reduce,8,8
674,0.16,0.162,0.161,0.161,0.0008164965809277268,0,8,25296896,all_reduce,8,8
675,0.16,0.162,0.161,0.161,0.0008164965809277268,0,8,25427968,all_reduce,8,8
676,0.161,0.163,0.162,0.162,0.0008164965809277268,0,8,25559040,all_reduce,8,8
677,0.163,0.164,0.16333333333333333,0.163,0.00047140452079103207,0,8,25690112,all_reduce,8,8
678,0.162,0.163,0.16233333333333333,0.162,0.00047140452079103207,0,8,25821184,all_reduce,8,8
679,0.162,0.164,0.163,0.163,0.0008164965809277268,0,8,25952256,all_reduce,8,8
680,0.162,0.164,0.163,0.163,0.0008164965809277268,0,8,26083328,all_reduce,8,8
681,0.165,0.166,0.16533333333333333,0.165,0.00047140452079103207,0,8,26214400,all_reduce,8,8
682,0.162,0.164,0.163,0.163,0.0008164965809277268,0,8,26345472,all_reduce,8,8
683,0.164,0.164,0.164,0.164,0.0,0,8,26476544,all_reduce,8,8
684,0.163,0.166,0.16466666666666666,0.165,0.0012472191289246482,0,8,26607616,all_reduce,8,8
685,0.164,0.165,0.16466666666666666,0.165,0.00047140452079103207,0,8,26738688,all_reduce,8,8
686,0.164,0.165,0.16466666666666666,0.165,0.00047140452079103207,0,8,26869760,all_reduce,8,8
687,0.165,0.165,0.165,0.165,0.0,0,8,27000832,all_reduce,8,8
688,0.165,0.165,0.165,0.165,0.0,0,8,27131904,all_reduce,8,8
689,0.165,0.166,0.16533333333333333,0.165,0.00047140452079103207,0,8,27262976,all_reduce,8,8
690,0.165,0.166,0.16533333333333333,0.165,0.00047140452079103207,0,8,27394048,all_reduce,8,8
691,0.166,0.167,0.16633333333333333,0.166,0.00047140452079103207,0,8,27525120,all_reduce,8,8
692,0.165,0.167,0.166,0.166,0.0008164965809277268,0,8,27656192,all_reduce,8,8
693,0.167,0.168,0.16733333333333333,0.167,0.00047140452079103207,0,8,27787264,all_reduce,8,8
694,0.165,0.168,0.166,0.165,0.0014142135623730965,0,8,27918336,all_reduce,8,8
695,0.166,0.167,0.16666666666666666,0.167,0.00047140452079103207,0,8,28049408,all_reduce,8,8
696,0.167,0.168,0.16733333333333333,0.167,0.00047140452079103207,0,8,28180480,all_reduce,8,8
697,0.167,0.168,0.16766666666666666,0.168,0.00047140452079103207,0,8,28311552,all_reduce,8,8
698,0.167,0.168,0.16766666666666666,0.168,0.00047140452079103207,0,8,28442624,all_reduce,8,8
699,0.168,0.169,0.16833333333333333,0.168,0.00047140452079103207,0,8,28573696,all_reduce,8,8
700,0.169,0.17,0.16933333333333334,0.169,0.00047140452079103207,0,8,28704768,all_reduce,8,8
701,0.168,0.17,0.169,0.169,0.0008164965809277268,0,8,28835840,all_reduce,8,8
702,0.17200000000000001,0.17300000000000001,0.17233333333333334,0.17200000000000001,0.00047140452079103207,0,8,28966912,all_reduce,8,8
703,0.171,0.17300000000000001,0.17233333333333334,0.17300000000000001,0.0009428090415820641,0,8,29097984,all_reduce,8,8
704,0.17200000000000001,0.17300000000000001,0.17233333333333334,0.17200000000000001,0.00047140452079103207,0,8,29229056,all_reduce,8,8
705,0.17300000000000001,0.17500000000000002,0.17366666666666666,0.17300000000000001,0.0009428090415820641,0,8,29360128,all_reduce,8,8
706,0.179,0.181,0.18000000000000002,0.18,0.0008164965809277268,0,8,29491200,all_reduce,8,8
707,0.181,0.20700000000000002,0.19000000000000003,0.182,0.012027745701779155,0,8,29622272,all_reduce,8,8
708,0.181,0.183,0.18200000000000002,0.182,0.0008164965809277268,0,8,29753344,all_reduce,8,8
709,0.183,0.183,0.18299999999999997,0.183,2.7755575615628914e-17,0,8,29884416,all_reduce,8,8
710,0.181,0.182,0.18133333333333335,0.181,0.00047140452079103207,0,8,30015488,all_reduce,8,8
711,0.18,0.183,0.18166666666666664,0.182,0.0012472191289246482,0,8,30146560,all_reduce,8,8
712,0.18,0.183,0.18166666666666664,0.182,0.0012472191289246482,0,8,30277632,all_reduce,8,8
713,0.18,0.184,0.18200000000000002,0.182,0.0016329931618554536,0,8,30408704,all_reduce,8,8
714,0.182,0.184,0.18266666666666667,0.182,0.0009428090415820641,0,8,30539776,all_reduce,8,8
715,0.181,0.184,0.18266666666666667,0.183,0.0012472191289246482,0,8,30670848,all_reduce,8,8
716,0.183,0.183,0.18299999999999997,0.183,2.7755575615628914e-17,0,8,30801920,all_reduce,8,8
717,0.183,0.185,0.18400000000000002,0.184,0.0008164965809277268,0,8,30932992,all_reduce,8,8
718,0.183,0.184,0.18333333333333335,0.183,0.00047140452079103207,0,8,31064064,all_reduce,8,8
719,0.183,0.184,0.18366666666666664,0.184,0.00047140452079103207,0,8,31195136,all_reduce,8,8
720,0.184,0.184,0.18400000000000002,0.184,2.7755575615628914e-17,0,8,31326208,all_reduce,8,8
721,0.183,0.187,0.18499999999999997,0.185,0.0016329931618554536,0,8,31457280,all_reduce,8,8
722,0.185,0.185,0.18499999999999997,0.185,2.7755575615628914e-17,0,8,31588352,all_reduce,8,8
723,0.184,0.185,0.18466666666666667,0.185,0.00047140452079103207,0,8,31719424,all_reduce,8,8
724,0.184,0.186,0.18499999999999997,0.185,0.0008164965809277268,0,8,31850496,all_reduce,8,8
725,0.185,0.187,0.18600000000000003,0.186,0.0008164965809277268,0,8,31981568,all_reduce,8,8
726,0.185,0.186,0.18566666666666665,0.186,0.00047140452079103207,0,8,32112640,all_reduce,8,8
727,0.186,0.186,0.18600000000000003,0.186,2.7755575615628914e-17,0,8,32243712,all_reduce,8,8
728,0.186,0.186,0.18600000000000003,0.186,2.7755575615628914e-17,0,8,32374784,all_reduce,8,8
729,0.187,0.188,0.18733333333333335,0.187,0.00047140452079103207,0,8,32505856,all_reduce,8,8
730,0.187,0.188,0.18733333333333335,0.187,0.00047140452079103207,0,8,32636928,all_reduce,8,8
731,0.188,0.19,0.18899999999999997,0.189,0.0008164965809277268,0,8,32768000,all_reduce,8,8
732,0.188,0.189,0.18833333333333332,0.188,0.00047140452079103207,0,8,32899072,all_reduce,8,8
733,0.189,0.19,0.18933333333333335,0.189,0.00047140452079103207,0,8,33030144,all_reduce,8,8
734,0.191,0.192,0.19133333333333336,0.191,0.00047140452079103207,0,8,33161216,all_reduce,8,8
735,0.191,0.192,0.19133333333333336,0.191,0.00047140452079103207,0,8,33292288,all_reduce,8,8
736,0.191,0.193,0.19233333333333333,0.193,0.0009428090415820641,0,8,33423360,all_reduce,8,8
737,0.192,0.193,0.19266666666666668,0.193,0.00047140452079103207,0,8,33554432,all_reduce,8,8
738,0.198,0.199,0.19833333333333333,0.198,0.00047140452079103207,0,8,33685504,all_reduce,8,8
739,0.198,0.201,0.19966666666666666,0.2,0.0012472191289246482,0,8,33816576,all_reduce,8,8
740,0.2,0.201,0.2006666666666667,0.201,0.00047140452079103207,0,8,33947648,all_reduce,8,8
741,0.2,0.203,0.20133333333333336,0.201,0.0012472191289246482,0,8,34078720,all_reduce,8,8
742,0.199,0.201,0.20000000000000004,0.2,0.0008164965809277268,0,8,34209792,all_reduce,8,8
743,0.2,0.201,0.2006666666666667,0.201,0.00047140452079103207,0,8,34340864,all_reduce,8,8
744,0.2,0.202,0.20099999999999998,0.201,0.0008164965809277268,0,8,34471936,all_reduce,8,8
745,0.2,0.203,0.20166666666666666,0.202,0.0012472191289246482,0,8,34603008,all_reduce,8,8
746,0.2,0.203,0.20166666666666666,0.202,0.0012472191289246482,0,8,34734080,all_reduce,8,8
747,0.201,0.203,0.20233333333333334,0.203,0.0009428090415820641,0,8,34865152,all_reduce,8,8
748,0.201,0.203,0.20200000000000004,0.202,0.0008164965809277268,0,8,34996224,all_reduce,8,8
749,0.201,0.203,0.20200000000000004,0.202,0.0008164965809277268,0,8,35127296,all_reduce,8,8
750,0.201,0.203,0.20200000000000004,0.202,0.0008164965809277268,0,8,35258368,all_reduce,8,8
751,0.203,0.20400000000000001,0.20333333333333337,0.203,0.00047140452079103207,0,8,35389440,all_reduce,8,8
752,0.203,0.20400000000000001,0.20333333333333337,0.203,0.00047140452079103207,0,8,35520512,all_reduce,8,8
753,0.203,0.20400000000000001,0.20366666666666666,0.20400000000000001,0.00047140452079103207,0,8,35651584,all_reduce,8,8
754,0.202,0.20400000000000001,0.20299999999999999,0.203,0.0008164965809277268,0,8,35782656,all_reduce,8,8
755,0.20400000000000001,0.20500000000000002,0.20433333333333334,0.20400000000000001,0.00047140452079103207,0,8,35913728,all_reduce,8,8
756,0.20400000000000001,0.20500000000000002,0.20433333333333334,0.20400000000000001,0.00047140452079103207,0,8,36044800,all_reduce,8,8
757,0.20400000000000001,0.20500000000000002,0.20433333333333334,0.20400000000000001,0.00047140452079103207,0,8,36175872,all_reduce,8,8
758,0.20400000000000001,0.20500000000000002,0.2046666666666667,0.20500000000000002,0.00047140452079103207,0,8,36306944,all_reduce,8,8
759,0.20500000000000002,0.20700000000000002,0.20600000000000004,0.20600000000000002,0.0008164965809277268,0,8,36438016,all_reduce,8,8
760,0.20600000000000002,0.20700000000000002,0.20633333333333334,0.20600000000000002,0.00047140452079103207,0,8,36569088,all_reduce,8,8
761,0.20600000000000002,0.20700000000000002,0.2066666666666667,0.20700000000000002,0.00047140452079103207,0,8,36700160,all_reduce,8,8
762,0.20700000000000002,0.20700000000000002,0.207,0.20700000000000002,2.7755575615628914e-17,0,8,36831232,all_reduce,8,8
763,0.20800000000000002,0.20800000000000002,0.20800000000000005,0.20800000000000002,2.7755575615628914e-17,0,8,36962304,all_reduce,8,8
764,0.20800000000000002,0.209,0.20833333333333334,0.20800000000000002,0.000471404520791019,0,8,37093376,all_reduce,8,8
765,0.20700000000000002,0.209,0.208,0.20800000000000002,0.0008164965809277153,0,8,37224448,all_reduce,8,8
766,0.209,0.209,0.209,0.209,0.0,0,8,37355520,all_reduce,8,8
767,0.21,0.211,0.21033333333333334,0.21,0.00047140452079103207,0,8,37486592,all_reduce,8,8
768,0.21,0.212,0.211,0.211,0.0008164965809277268,0,8,37617664,all_reduce,8,8
769,0.212,0.212,0.212,0.212,0.0,0,8,37748736,all_reduce,8,8
770,0.217,0.218,0.21766666666666667,0.218,0.00047140452079103207,0,8,37879808,all_reduce,8,8
771,0.217,0.219,0.218,0.218,0.0008164965809277268,0,8,38010880,all_reduce,8,8
772,0.218,0.22,0.219,0.219,0.0008164965809277268,0,8,38141952,all_reduce,8,8
773,0.219,0.222,0.22033333333333335,0.22,0.0012472191289246482,0,8,38273024,all_reduce,8,8
774,0.219,0.219,0.219,0.219,0.0,0,8,38404096,all_reduce,8,8
775,0.218,0.22,0.21933333333333335,0.22,0.0009428090415820641,0,8,38535168,all_reduce,8,8
776,0.221,0.222,0.22133333333333335,0.221,0.00047140452079103207,0,8,38666240,all_reduce,8,8
777,0.22,0.223,0.22166666666666668,0.222,0.0012472191289246482,0,8,38797312,all_reduce,8,8
778,0.219,0.222,0.22033333333333335,0.22,0.0012472191289246482,0,8,38928384,all_reduce,8,8
779,0.22,0.221,0.22033333333333335,0.22,0.00047140452079103207,0,8,39059456,all_reduce,8,8
780,0.221,0.222,0.22133333333333335,0.221,0.00047140452079103207,0,8,39190528,all_reduce,8,8
781,0.221,0.223,0.222,0.222,0.0008164965809277268,0,8,39321600,all_reduce,8,8
782,0.222,0.222,0.222,0.222,0.0,0,8,39452672,all_reduce,8,8
783,0.222,0.224,0.22266666666666668,0.222,0.0009428090415820641,0,8,39583744,all_reduce,8,8
784,0.223,0.223,0.223,0.223,0.0,0,8,39714816,all_reduce,8,8
785,0.223,0.224,0.22333333333333336,0.223,0.00047140452079103207,0,8,39845888,all_reduce,8,8
786,0.222,0.225,0.22333333333333336,0.223,0.0012472191289246482,0,8,39976960,all_reduce,8,8
787,0.223,0.224,0.22333333333333336,0.223,0.00047140452079103207,0,8,40108032,all_reduce,8,8
788,0.223,0.225,0.22433333333333336,0.225,0.0009428090415820641,0,8,40239104,all_reduce,8,8
789,0.224,0.225,0.22433333333333336,0.224,0.00047140452079103207,0,8,40370176,all_reduce,8,8
790,0.224,0.225,0.22466666666666668,0.225,0.00047140452079103207,0,8,40501248,all_reduce,8,8
791,0.225,0.227,0.226,0.226,0.0008164965809277268,0,8,40632320,all_reduce,8,8
792,0.225,0.227,0.22633333333333336,0.227,0.0009428090415820641,0,8,40763392,all_reduce,8,8
793,0.226,0.228,0.227,0.227,0.0008164965809277268,0,8,40894464,all_reduce,8,8
794,0.226,0.228,0.22733333333333336,0.228,0.0009428090415820641,0,8,41025536,all_reduce,8,8
795,0.227,0.228,0.22766666666666668,0.228,0.00047140452079103207,0,8,41156608,all_reduce,8,8
796,0.228,0.229,0.22866666666666668,0.229,0.00047140452079103207,0,8,41287680,all_reduce,8,8
797,0.228,0.229,0.22866666666666668,0.229,0.00047140452079103207,0,8,41418752,all_reduce,8,8
798,0.231,0.231,0.231,0.231,0.0,0,8,41549824,all_reduce,8,8
799,0.23,0.232,0.231,0.231,0.0008164965809277268,0,8,41680896,all_reduce,8,8
800,0.231,0.232,0.23133333333333336,0.231,0.00047140452079103207,0,8,41811968,all_reduce,8,8
801,0.229,0.231,0.23,0.23,0.0008164965809277268,0,8,41943040,all_reduce,8,8
802,0.23500000000000001,0.23900000000000002,0.23700000000000002,0.23700000000000002,0.0016329931618554536,0,8,42074112,all_reduce,8,8
803,0.23700000000000002,0.23900000000000002,0.23800000000000002,0.23800000000000002,0.0008164965809277268,0,8,42205184,all_reduce,8,8
804,0.24,0.241,0.24033333333333332,0.24,0.00047140452079103207,0,8,42336256,all_reduce,8,8
805,0.241,0.242,0.24133333333333332,0.241,0.00047140452079103207,0,8,42467328,all_reduce,8,8
806,0.23900000000000002,0.24,0.23933333333333331,0.23900000000000002,0.000471404520791019,0,8,42598400,all_reduce,8,8
807,0.23900000000000002,0.242,0.24066666666666667,0.241,0.0012472191289246359,0,8,42729472,all_reduce,8,8
808,0.24,0.242,0.24066666666666667,0.24,0.0009428090415820641,0,8,42860544,all_reduce,8,8
809,0.23900000000000002,0.24,0.23966666666666667,0.24,0.000471404520791019,0,8,42991616,all_reduce,8,8
810,0.23900000000000002,0.24,0.23933333333333331,0.23900000000000002,0.000471404520791019,0,8,43122688,all_reduce,8,8
811,0.24,0.242,0.241,0.241,0.0008164965809277268,0,8,43253760,all_reduce,8,8
812,0.24,0.241,0.24033333333333332,0.24,0.00047140452079103207,0,8,43384832,all_reduce,8,8
813,0.24,0.242,0.241,0.241,0.0008164965809277268,0,8,43515904,all_reduce,8,8
814,0.242,0.243,0.24233333333333332,0.242,0.00047140452079103207,0,8,43646976,all_reduce,8,8
815,0.241,0.242,0.24166666666666667,0.242,0.00047140452079103207,0,8,43778048,all_reduce,8,8
816,0.241,0.244,0.24233333333333332,0.242,0.0012472191289246482,0,8,43909120,all_reduce,8,8
817,0.242,0.243,0.24266666666666667,0.243,0.00047140452079103207,0,8,44040192,all_reduce,8,8
818,0.243,0.244,0.24333333333333332,0.243,0.00047140452079103207,0,8,44171264,all_reduce,8,8
819,0.242,0.244,0.243,0.243,0.0008164965809277268,0,8,44302336,all_reduce,8,8
820,0.243,0.245,0.244,0.244,0.0008164965809277268,0,8,44433408,all_reduce,8,8
821,0.242,0.245,0.24333333333333332,0.243,0.0012472191289246482,0,8,44564480,all_reduce,8,8
822,0.243,0.244,0.24333333333333332,0.243,0.00047140452079103207,0,8,44695552,all_reduce,8,8
823,0.244,0.245,0.24433333333333332,0.244,0.00047140452079103207,0,8,44826624,all_reduce,8,8
824,0.244,0.245,0.24466666666666667,0.245,0.00047140452079103207,0,8,44957696,all_reduce,8,8
825,0.245,0.246,0.24533333333333332,0.245,0.00047140452079103207,0,8,45088768,all_reduce,8,8
826,0.244,0.246,0.245,0.245,0.0008164965809277268,0,8,45219840,all_reduce,8,8
827,0.246,0.247,0.24633333333333332,0.246,0.00047140452079103207,0,8,45350912,all_reduce,8,8
828,0.246,0.247,0.24666666666666667,0.247,0.00047140452079103207,0,8,45481984,all_reduce,8,8
829,0.246,0.247,0.24666666666666667,0.247,0.00047140452079103207,0,8,45613056,all_reduce,8,8
830,0.249,0.249,0.249,0.249,0.0,0,8,45744128,all_reduce,8,8
831,0.249,0.249,0.249,0.249,0.0,0,8,45875200,all_reduce,8,8
832,0.248,0.251,0.24966666666666668,0.25,0.0012472191289246482,0,8,46006272,all_reduce,8,8
833,0.25,0.25,0.25,0.25,0.0,0,8,46137344,all_reduce,8,8
834,0.256,0.258,0.257,0.257,0.0008164965809277268,0,8,46268416,all_reduce,8,8
835,0.257,0.259,0.258,0.258,0.0008164965809277268,0,8,46399488,all_reduce,8,8
836,0.258,0.259,0.25866666666666666,0.259,0.00047140452079103207,0,8,46530560,all_reduce,8,8
837,0.259,0.26,0.25933333333333336,0.259,0.00047140452079103207,0,8,46661632,all_reduce,8,8
838,0.258,0.26,0.25933333333333336,0.26,0.0009428090415820641,0,8,46792704,all_reduce,8,8
839,0.258,0.259,0.25833333333333336,0.258,0.00047140452079103207,0,8,46923776,all_reduce,8,8
840,0.259,0.26,0.25933333333333336,0.259,0.00047140452079103207,0,8,47054848,all_reduce,8,8
841,0.26,0.26,0.26,0.26,0.0,0,8,47185920,all_reduce,8,8
842,0.258,0.261,0.25966666666666666,0.26,0.0012472191289246482,0,8,47316992,all_reduce,8,8
843,0.259,0.26,0.25966666666666666,0.26,0.00047140452079103207,0,8,47448064,all_reduce,8,8
844,0.258,0.259,0.25866666666666666,0.259,0.00047140452079103207,0,8,47579136,all_reduce,8,8
845,0.258,0.261,0.25966666666666666,0.26,0.0012472191289246482,0,8,47710208,all_reduce,8,8
846,0.26,0.261,0.26033333333333336,0.26,0.00047140452079103207,0,8,47841280,all_reduce,8,8
847,0.259,0.262,0.26033333333333336,0.26,0.0012472191289246482,0,8,47972352,all_reduce,8,8
848,0.26,0.261,0.26033333333333336,0.26,0.00047140452079103207,0,8,48103424,all_reduce,8,8
849,0.261,0.261,0.261,0.261,0.0,0,8,48234496,all_reduce,8,8
850,0.259,0.261,0.26,0.26,0.0008164965809277268,0,8,48365568,all_reduce,8,8
851,0.26,0.261,0.26066666666666666,0.261,0.00047140452079103207,0,8,48496640,all_reduce,8,8
852,0.261,0.262,0.26133333333333336,0.261,0.00047140452079103207,0,8,48627712,all_reduce,8,8
853,0.261,0.262,0.26166666666666666,0.262,0.00047140452079103207,0,8,48758784,all_reduce,8,8
854,0.26,0.263,0.26133333333333336,0.261,0.0012472191289246482,0,8,48889856,all_reduce,8,8
855,0.262,0.263,0.26233333333333336,0.262,0.00047140452079103207,0,8,49020928,all_reduce,8,8
856,0.262,0.263,0.26233333333333336,0.262,0.00047140452079103207,0,8,49152000,all_reduce,8,8
857,0.263,0.263,0.263,0.263,0.0,0,8,49283072,all_reduce,8,8
858,0.263,0.263,0.263,0.263,0.0,0,8,49414144,all_reduce,8,8
859,0.262,0.264,0.26333333333333336,0.264,0.0009428090415820641,0,8,49545216,all_reduce,8,8
860,0.264,0.265,0.26433333333333336,0.264,0.00047140452079103207,0,8,49676288,all_reduce,8,8
861,0.265,0.266,0.26566666666666666,0.266,0.00047140452079103207,0,8,49807360,all_reduce,8,8
862,0.264,0.266,0.26533333333333337,0.266,0.0009428090415820641,0,8,49938432,all_reduce,8,8
863,0.266,0.268,0.267,0.267,0.0008164965809277268,0,8,50069504,all_reduce,8,8
864,0.267,0.269,0.268,0.268,0.0008164965809277268,0,8,50200576,all_reduce,8,8
865,0.268,0.269,0.26833333333333337,0.268,0.00047140452079103207,0,8,50331648,all_reduce,8,8
866,0.275,0.277,0.27566666666666667,0.275,0.0009428090415820641,0,8,50462720,all_reduce,8,8
867,0.274,0.276,0.275,0.275,0.0008164965809277268,0,8,50593792,all_reduce,8,8
868,0.275,0.277,0.276,0.276,0.0008164965809277268,0,8,50724864,all_reduce,8,8
869,0.275,0.279,0.27666666666666667,0.276,0.0016996731711975965,0,8,50855936,all_reduce,8,8
870,0.275,0.277,0.2763333333333334,0.277,0.0009428090415820641,0,8,50987008,all_reduce,8,8
871,0.275,0.276,0.2753333333333334,0.275,0.00047140452079103207,0,8,51118080,all_reduce,8,8
872,0.276,0.277,0.27666666666666667,0.277,0.00047140452079103207,0,8,51249152,all_reduce,8,8
873,0.276,0.279,0.2776666666666667,0.278,0.0012472191289246482,0,8,51380224,all_reduce,8,8
874,0.276,0.278,0.277,0.277,0.0008164965809277268,0,8,51511296,all_reduce,8,8
875,0.276,0.277,0.27666666666666667,0.277,0.00047140452079103207,0,8,51642368,all_reduce,8,8
876,0.277,0.278,0.2773333333333334,0.277,0.00047140452079103207,0,8,51773440,all_reduce,8,8
877,0.276,0.279,0.2773333333333334,0.277,0.0012472191289246482,0,8,51904512,all_reduce,8,8
878,0.277,0.278,0.2773333333333334,0.277,0.00047140452079103207,0,8,52035584,all_reduce,8,8
879,0.277,0.278,0.2776666666666667,0.278,0.00047140452079103207,0,8,52166656,all_reduce,8,8
880,0.279,0.281,0.2796666666666667,0.279,0.0009428090415820641,0,8,52297728,all_reduce,8,8
881,0.279,0.279,0.279,0.279,0.0,0,8,52428800,all_reduce,8,8
882,0.278,0.278,0.278,0.278,0.0,0,8,52559872,all_reduce,8,8
883,0.278,0.281,0.2796666666666667,0.28,0.0012472191289246482,0,8,52690944,all_reduce,8,8
884,0.279,0.28,0.2796666666666667,0.28,0.00047140452079103207,0,8,52822016,all_reduce,8,8
885,0.278,0.28,0.2793333333333334,0.28,0.0009428090415820641,0,8,52953088,all_reduce,8,8
886,0.279,0.281,0.28,0.28,0.0008164965809277268,0,8,53084160,all_reduce,8,8
887,0.281,0.281,0.281,0.281,0.0,0,8,53215232,all_reduce,8,8
888,0.281,0.28200000000000003,0.2816666666666667,0.28200000000000003,0.00047140452079103207,0,8,53346304,all_reduce,8,8
889,0.281,0.28200000000000003,0.2816666666666667,0.28200000000000003,0.00047140452079103207,0,8,53477376,all_reduce,8,8
890,0.28200000000000003,0.28300000000000003,0.2823333333333334,0.28200000000000003,0.00047140452079103207,0,8,53608448,all_reduce,8,8
891,0.281,0.28300000000000003,0.28200000000000003,0.28200000000000003,0.0008164965809277268,0,8,53739520,all_reduce,8,8
892,0.28300000000000003,0.28400000000000003,0.2833333333333334,0.28300000000000003,0.00047140452079103207,0,8,53870592,all_reduce,8,8
893,0.28300000000000003,0.28400000000000003,0.2836666666666667,0.28400000000000003,0.00047140452079103207,0,8,54001664,all_reduce,8,8
894,0.28400000000000003,0.28600000000000003,0.28500000000000003,0.28500000000000003,0.0008164965809277268,0,8,54132736,all_reduce,8,8
895,0.28600000000000003,0.28700000000000003,0.2866666666666667,0.28700000000000003,0.00047140452079103207,0,8,54263808,all_reduce,8,8
896,0.28500000000000003,0.28700000000000003,0.28600000000000003,0.28600000000000003,0.0008164965809277268,0,8,54394880,all_reduce,8,8
897,0.28500000000000003,0.28600000000000003,0.2853333333333334,0.28500000000000003,0.00047140452079103207,0,8,54525952,all_reduce,8,8
898,0.29,0.294,0.292,0.292,0.0016329931618554536,0,8,54657024,all_reduce,8,8
899,0.293,0.296,0.294,0.293,0.0014142135623730965,0,8,54788096,all_reduce,8,8
900,0.294,0.296,0.295,0.295,0.0008164965809277268,0,8,54919168,all_reduce,8,8
901,0.296,0.297,0.29633333333333334,0.296,0.00047140452079103207,0,8,55050240,all_reduce,8,8
902,0.294,0.294,0.294,0.294,0.0,0,8,55181312,all_reduce,8,8
903,0.294,0.296,0.295,0.295,0.0008164965809277268,0,8,55312384,all_reduce,8,8
904,0.295,0.298,0.296,0.295,0.0014142135623730963,0,8,55443456,all_reduce,8,8
905,0.295,0.296,0.2956666666666667,0.296,0.00047140452079103207,0,8,55574528,all_reduce,8,8
906,0.294,0.295,0.29433333333333334,0.294,0.00047140452079103207,0,8,55705600,all_reduce,8,8
907,0.293,0.296,0.29466666666666663,0.295,0.0012472191289246482,0,8,55836672,all_reduce,8,8
908,0.296,0.296,0.296,0.296,0.0,0,8,55967744,all_reduce,8,8
909,0.296,0.297,0.29633333333333334,0.296,0.00047140452079103207,0,8,56098816,all_reduce,8,8
910,0.294,0.296,0.295,0.295,0.0008164965809277268,0,8,56229888,all_reduce,8,8
911,0.296,0.297,0.29633333333333334,0.296,0.00047140452079103207,0,8,56360960,all_reduce,8,8
912,0.298,0.298,0.298,0.298,0.0,0,8,56492032,all_reduce,8,8
913,0.297,0.299,0.298,0.298,0.0008164965809277268,0,8,56623104,all_reduce,8,8
914,0.297,0.298,0.2976666666666667,0.298,0.00047140452079103207,0,8,56754176,all_reduce,8,8
915,0.296,0.298,0.2973333333333333,0.298,0.0009428090415820641,0,8,56885248,all_reduce,8,8
916,0.298,0.298,0.298,0.298,0.0,0,8,57016320,all_reduce,8,8
917,0.299,0.3,0.2993333333333333,0.299,0.00047140452079103207,0,8,57147392,all_reduce,8,8
918,0.297,0.299,0.298,0.298,0.0008164965809277268,0,8,57278464,all_reduce,8,8
919,0.298,0.299,0.29866666666666664,0.299,0.00047140452079103207,0,8,57409536,all_reduce,8,8
920,0.3,0.3,0.3,0.3,0.0,0,8,57540608,all_reduce,8,8
921,0.3,0.301,0.30033333333333334,0.3,0.00047140452079103207,0,8,57671680,all_reduce,8,8
922,0.298,0.301,0.2993333333333333,0.299,0.0012472191289246482,0,8,57802752,all_reduce,8,8
923,0.3,0.301,0.30066666666666664,0.301,0.00047140452079103207,0,8,57933824,all_reduce,8,8
924,0.301,0.302,0.3013333333333333,0.301,0.00047140452079103207,0,8,58064896,all_reduce,8,8
925,0.301,0.302,0.3013333333333333,0.301,0.00047140452079103207,0,8,58195968,all_reduce,8,8
926,0.301,0.304,0.30266666666666664,0.303,0.0012472191289246482,0,8,58327040,all_reduce,8,8
927,0.303,0.305,0.304,0.304,0.0008164965809277268,0,8,58458112,all_reduce,8,8
928,0.304,0.306,0.305,0.305,0.0008164965809277268,0,8,58589184,all_reduce,8,8
929,0.303,0.304,0.3036666666666667,0.304,0.00047140452079103207,0,8,58720256,all_reduce,8,8
930,0.31,0.313,0.3116666666666667,0.312,0.0012472191289246482,0,8,58851328,all_reduce,8,8
931,0.309,0.313,0.3113333333333333,0.312,0.0016996731711975965,0,8,58982400,all_reduce,8,8
932,0.311,0.314,0.31233333333333335,0.312,0.0012472191289246482,0,8,59113472,all_reduce,8,8
933,0.312,0.315,0.3133333333333333,0.313,0.0012472191289246482,0,8,59244544,all_reduce,8,8
934,0.311,0.314,0.312,0.311,0.0014142135623730965,0,8,59375616,all_reduce,8,8
935,0.311,0.314,0.31266666666666665,0.313,0.0012472191289246482,0,8,59506688,all_reduce,8,8
936,0.315,0.316,0.3153333333333333,0.315,0.00047140452079103207,0,8,59637760,all_reduce,8,8
937,0.312,0.315,0.3136666666666667,0.314,0.0012472191289246482,0,8,59768832,all_reduce,8,8
938,0.313,0.315,0.3136666666666667,0.313,0.0009428090415820641,0,8,59899904,all_reduce,8,8
939,0.314,0.314,0.314,0.314,0.0,0,8,60030976,all_reduce,8,8
940,0.313,0.315,0.314,0.314,0.0008164965809277268,0,8,60162048,all_reduce,8,8
941,0.314,0.315,0.31466666666666665,0.315,0.00047140452079103207,0,8,60293120,all_reduce,8,8
942,0.314,0.315,0.31433333333333335,0.314,0.00047140452079103207,0,8,60424192,all_reduce,8,8
943,0.314,0.315,0.31433333333333335,0.314,0.00047140452079103207,0,8,60555264,all_reduce,8,8
944,0.314,0.316,0.315,0.315,0.0008164965809277268,0,8,60686336,all_reduce,8,8
945,0.315,0.316,0.3156666666666667,0.316,0.00047140452079103207,0,8,60817408,all_reduce,8,8
946,0.315,0.316,0.3156666666666667,0.316,0.00047140452079103207,0,8,60948480,all_reduce,8,8
947,0.315,0.317,0.31633333333333336,0.317,0.0009428090415820641,0,8,61079552,all_reduce,8,8
948,0.315,0.317,0.316,0.316,0.0008164965809277268,0,8,61210624,all_reduce,8,8
949,0.316,0.318,0.31666666666666665,0.316,0.0009428090415820641,0,8,61341696,all_reduce,8,8
950,0.316,0.317,0.31666666666666665,0.317,0.00047140452079103207,0,8,61472768,all_reduce,8,8
951,0.317,0.319,0.318,0.318,0.0008164965809277268,0,8,61603840,all_reduce,8,8
952,0.318,0.319,0.31866666666666665,0.319,0.00047140452079103207,0,8,61734912,all_reduce,8,8
953,0.318,0.32,0.319,0.319,0.0008164965809277268,0,8,61865984,all_reduce,8,8
954,0.319,0.32,0.3193333333333333,0.319,0.00047140452079103207,0,8,61997056,all_reduce,8,8
955,0.319,0.32,0.3196666666666667,0.32,0.00047140452079103207,0,8,62128128,all_reduce,8,8
956,0.321,0.322,0.3213333333333333,0.321,0.00047140452079103207,0,8,62259200,all_reduce,8,8
957,0.321,0.322,0.3213333333333333,0.321,0.00047140452079103207,0,8,62390272,all_reduce,8,8
958,0.321,0.321,0.321,0.321,0.0,0,8,62521344,all_reduce,8,8
959,0.322,0.323,0.32233333333333336,0.322,0.00047140452079103207,0,8,62652416,all_reduce,8,8
960,0.323,0.326,0.32433333333333336,0.324,0.0012472191289246482,0,8,62783488,all_reduce,8,8
961,0.323,0.324,0.3236666666666667,0.324,0.00047140452079103207,0,8,62914560,all_reduce,8,8
962,0.328,0.333,0.33,0.329,0.0021602468994692888,0,8,63045632,all_reduce,8,8
963,0.329,0.331,0.33,0.33,0.0008164965809277268,0,8,63176704,all_reduce,8,8
964,0.33,0.332,0.331,0.331,0.0008164965809277268,0,8,63307776,all_reduce,8,8
965,0.331,0.333,0.332,0.332,0.0008164965809277268,0,8,63438848,all_reduce,8,8
966,0.33,0.333,0.331,0.33,0.0014142135623730963,0,8,63569920,all_reduce,8,8
967,0.33,0.332,0.331,0.331,0.0008164965809277268,0,8,63700992,all_reduce,8,8
968,0.33,0.332,0.331,0.331,0.0008164965809277268,0,8,63832064,all_reduce,8,8
969,0.331,0.333,0.332,0.332,0.0008164965809277268,0,8,63963136,all_reduce,8,8
970,0.33,0.332,0.33066666666666666,0.33,0.0009428090415820641,0,8,64094208,all_reduce,8,8
971,0.332,0.333,0.33233333333333337,0.332,0.00047140452079103207,0,8,64225280,all_reduce,8,8
972,0.333,0.334,0.3333333333333333,0.333,0.00047140452079103207,0,8,64356352,all_reduce,8,8
973,0.332,0.333,0.33266666666666667,0.333,0.00047140452079103207,0,8,64487424,all_reduce,8,8
974,0.332,0.333,0.33266666666666667,0.333,0.00047140452079103207,0,8,64618496,all_reduce,8,8
975,0.333,0.334,0.3336666666666667,0.334,0.00047140452079103207,0,8,64749568,all_reduce,8,8
976,0.333,0.334,0.3333333333333333,0.333,0.00047140452079103207,0,8,64880640,all_reduce,8,8
977,0.333,0.335,0.334,0.334,0.0008164965809277268,0,8,65011712,all_reduce,8,8
978,0.334,0.336,0.33466666666666667,0.334,0.0009428090415820641,0,8,65142784,all_reduce,8,8
979,0.335,0.335,0.335,0.335,0.0,0,8,65273856,all_reduce,8,8
980,0.335,0.336,0.3356666666666667,0.336,0.00047140452079103207,0,8,65404928,all_reduce,8,8
981,0.335,0.336,0.3356666666666667,0.336,0.00047140452079103207,0,8,65536000,all_reduce,8,8
982,0.335,0.337,0.336,0.336,0.0008164965809277268,0,8,65667072,all_reduce,8,8
983,0.336,0.339,0.3373333333333333,0.337,0.0012472191289246482,0,8,65798144,all_reduce,8,8
984,0.338,0.338,0.338,0.338,0.0,0,8,65929216,all_reduce,8,8
985,0.337,0.338,0.3376666666666667,0.338,0.00047140452079103207,0,8,66060288,all_reduce,8,8
986,0.339,0.34,0.3393333333333333,0.339,0.00047140452079103207,0,8,66191360,all_reduce,8,8
987,0.337,0.339,0.3383333333333334,0.339,0.0009428090415820641,0,8,66322432,all_reduce,8,8
988,0.34,0.341,0.3406666666666667,0.341,0.00047140452079103207,0,8,66453504,all_reduce,8,8
989,0.34,0.341,0.3406666666666667,0.341,0.00047140452079103207,0,8,66584576,all_reduce,8,8
990,0.341,0.342,0.3413333333333333,0.341,0.00047140452079103207,0,8,66715648,all_reduce,8,8
991,0.342,0.343,0.3423333333333334,0.342,0.00047140452079103207,0,8,66846720,all_reduce,8,8
992,0.342,0.34400000000000003,0.343,0.343,0.0008164965809277268,0,8,66977792,all_reduce,8,8
993,0.321,0.321,0.321,0.321,0.0,0,8,67108864,all_reduce,8,8
